session_id,ip_hash,duration_sec,request_count,unique_pages,error_rate,avg_bytes,page_sequence,page_timestamps,page_set,cluster_id,if_flag,if_score,z_flag,anomaly_flag,anomaly_priority
8c4d3df5d46e_0,8c4d3df5d46e,455.0,7,6,0.0,19428.85714285714,"[""/"", ""/catalog/women"", ""/products/{id}"", ""/products/{id}"", ""/cart"", ""/checkout"", ""/order/confirm""]","[0.0, 64.0, 136.0, 151.0, 265.0, 281.0, 455.0]","[""/checkout"", ""/catalog/women"", ""/products/{id}"", ""/cart"", ""/order/confirm"", ""/""]",0,False,0.3731531956688987,False,False,False
8c4d3df5d46e_1,8c4d3df5d46e,222.0,5,5,0.2,26100.6,"[""/"", ""/account"", ""/wishlist"", ""/products/{id}"", ""/cart""]","[0.0, 31.0, 159.0, 210.0, 222.0]","[""/wishlist"", ""/products/{id}"", ""/account"", ""/cart"", ""/""]",0,True,0.5966502963617568,False,True,False
8c4d3df5d46e_2,8c4d3df5d46e,161.0,2,2,0.0,40178.0,"[""/"", ""/catalog/men""]","[0.0, 161.0]","[""/"", ""/catalog/men""]",3,False,0.48754712099753217,False,False,False
0e8e99ecaadb_0,0e8e99ecaadb,364.0,4,3,0.0,24316.75,"[""/"", ""/blog"", ""/blog"", ""/products/{id}""]","[0.0, 145.0, 236.0, 364.0]","[""/products/{id}"", ""/"", ""/blog""]",3,False,0.49880238685768286,False,False,False
3f492b709722_0,3f492b709722,131.0,2,2,0.0,23001.5,"[""/"", ""/catalog/men""]","[0.0, 131.0]","[""/"", ""/catalog/men""]",3,False,0.46055103716583595,False,False,False
eedc61203bb1_0,eedc61203bb1,147.0,2,2,0.0,14718.0,"[""/"", ""/catalog/men""]","[0.0, 147.0]","[""/"", ""/catalog/men""]",3,False,0.4638118997534396,False,False,False
d5960403132f_0,d5960403132f,458.0,7,5,0.0,21753.428571428572,"[""/"", ""/catalog/women"", ""/products/{id}"", ""/products/{id}"", ""/catalog/men"", ""/products/{id}"", ""/cart""]","[0.0, 170.0, 267.0, 314.0, 379.0, 437.0, 458.0]","[""/catalog/men"", ""/catalog/women"", ""/products/{id}"", ""/cart"", ""/""]",0,False,0.37792528224634636,False,False,False
d5960403132f_1,d5960403132f,422.0,6,5,0.0,25335.666666666668,"[""/"", ""/search"", ""/products/{id}"", ""/products/{id}"", ""/wishlist"", ""/catalog/women""]","[0.0, 65.0, 120.0, 246.0, 285.0, 422.0]","[""/wishlist"", ""/catalog/women"", ""/products/{id}"", ""/search"", ""/""]",0,False,0.3828442845900182,False,False,False
03e35dbdcb9d_0,03e35dbdcb9d,1375.0,15,7,0.06666666666666667,15837.533333333333,"[""/"", ""/sale"", ""/products/{id}"", ""/products/{id}"", ""/products/{id}"", ""/cart"", ""/checkout"", ""/order/confirm"", ""/"", ""/catalog/women"", ""/products/{id}"", ""/products/{id}"", ""/cart"", ""/checkout"", ""/order/confirm""]","[0.0, 163.0, 299.0, 402.0, 500.0, 522.0, 562.0, 705.0, 900.0, 1078.0, 1198.0, 1251.0, 1301.0, 1333.0, 1375.0]","[""/checkout"", ""/catalog/women"", ""/products/{id}"", ""/sale"", ""/cart"", ""/order/confirm"", ""/""]",0,True,0.7155280215288851,False,True,False
03e35dbdcb9d_1,03e35dbdcb9d,715.0,6,6,0.0,23857.833333333332,"[""/"", ""/search"", ""/products/{id}"", ""/cart"", ""/checkout"", ""/order/confirm""]","[0.0, 138.0, 291.0, 420.0, 565.0, 715.0]","[""/checkout"", ""/products/{id}"", ""/cart"", ""/order/confirm"", ""/search"", ""/""]",0,False,0.41493230681384685,False,False,False
c2bd40dab85d_0,c2bd40dab85d,753.0,7,5,0.0,21945.285714285714,"[""/"", ""/catalog/women"", ""/products/{id}"", ""/products/{id}"", ""/catalog/men"", ""/products/{id}"", ""/cart""]","[0.0, 116.0, 222.0, 349.0, 508.0, 671.0, 753.0]","[""/catalog/men"", ""/catalog/women"", ""/products/{id}"", ""/cart"", ""/""]",0,False,0.4227145753504082,False,False,False
4fb42a54bce3_0,4fb42a54bce3,390.0,4,3,0.0,19839.75,"[""/"", ""/blog"", ""/blog"", ""/products/{id}""]","[0.0, 106.0, 229.0, 390.0]","[""/products/{id}"", ""/"", ""/blog""]",3,False,0.5037979371254461,False,False,False
4fb42a54bce3_1,4fb42a54bce3,4004.0,12,7,0.0,23422.833333333332,"[""/"", ""/account"", ""/wishlist"", ""/products/{id}"", ""/cart"", ""/"", ""/catalog/women"", ""/products/{id}"", ""/products/{id}"", ""/catalog/men"", ""/products/{id}"", ""/cart""]","[0.0, 46.0, 74.0, 241.0, 376.0, 3300.0, 3432.0, 3592.0, 3765.0, 3790.0, 3857.0, 4004.0]","[""/wishlist"", ""/catalog/men"", ""/catalog/women"", ""/products/{id}"", ""/account"", ""/cart"", ""/""]",2,True,0.7786929628060636,True,True,True
380b8542f7b3_0,380b8542f7b3,664.0,7,5,0.14285714285714285,20473.714285714286,"[""/"", ""/catalog/women"", ""/products/{id}"", ""/products/{id}"", ""/catalog/men"", ""/products/{id}"", ""/cart""]","[0.0, 128.0, 253.0, 259.0, 389.0, 495.0, 664.0]","[""/catalog/men"", ""/catalog/women"", ""/products/{id}"", ""/cart"", ""/""]",0,False,0.4704404347236531,False,False,False
d31e9a340238_0,d31e9a340238,711.0,8,6,0.0,22562.75,"[""/"", ""/sale"", ""/products/{id}"", ""/products/{id}"", ""/products/{id}"", ""/cart"", ""/checkout"", ""/order/confirm""]","[0.0, 9.0, 124.0, 263.0, 402.0, 508.0, 630.0, 711.0]","[""/checkout"", ""/products/{id}"", ""/sale"", ""/cart"", ""/order/confirm"", ""/""]",0,False,0.39352674164197193,False,False,False
d31e9a340238_1,d31e9a340238,769.0,7,6,0.0,22435.285714285714,"[""/"", ""/catalog/women"", ""/products/{id}"", ""/products/{id}"", ""/cart"", ""/checkout"", ""/order/confirm""]","[0.0, 89.0, 229.0, 355.0, 535.0, 684.0, 769.0]","[""/checkout"", ""/catalog/women"", ""/products/{id}"", ""/cart"", ""/order/confirm"", ""/""]",0,False,0.39229808005219957,False,False,False
d31e9a340238_2,d31e9a340238,7.0,2,2,0.0,20691.0,"[""/"", ""/catalog/men""]","[0.0, 7.0]","[""/"", ""/catalog/men""]",3,True,0.5470265040394781,False,True,False
5c04e55a1c54_0,5c04e55a1c54,671.0,6,6,0.0,15177.666666666666,"[""/"", ""/search"", ""/products/{id}"", ""/cart"", ""/checkout"", ""/order/confirm""]","[0.0, 167.0, 275.0, 396.0, 549.0, 671.0]","[""/checkout"", ""/products/{id}"", ""/cart"", ""/order/confirm"", ""/search"", ""/""]",0,False,0.40114198009221536,False,False,False
5c04e55a1c54_1,5c04e55a1c54,452.0,6,5,0.0,25966.666666666668,"[""/"", ""/search"", ""/products/{id}"", ""/products/{id}"", ""/wishlist"", ""/catalog/women""]","[0.0, 65.0, 159.0, 216.0, 310.0, 452.0]","[""/wishlist"", ""/catalog/women"", ""/products/{id}"", ""/search"", ""/""]",0,False,0.3830988553893809,False,False,False
5c04e55a1c54_2,5c04e55a1c54,114.0,2,2,0.0,5144.5,"[""/"", ""/catalog/men""]","[0.0, 114.0]","[""/"", ""/catalog/men""]",3,False,0.4442768679342203,False,False,False
2bbc719898cb_0,2bbc719898cb,480.0,6,5,0.0,26555.333333333332,"[""/"", ""/search"", ""/products/{id}"", ""/products/{id}"", ""/wishlist"", ""/catalog/women""]","[0.0, 157.0, 334.0, 366.0, 464.0, 480.0]","[""/wishlist"", ""/catalog/women"", ""/products/{id}"", ""/search"", ""/""]",0,False,0.38680536628270207,False,False,False
2bbc719898cb_1,2bbc719898cb,100.0,2,2,0.5,24818.0,"[""/"", ""/catalog/men""]","[0.0, 100.0]","[""/"", ""/catalog/men""]",3,True,0.7028891060838478,True,True,True
2bbc719898cb_2,2bbc719898cb,509.0,8,6,0.0,20918.875,"[""/"", ""/sale"", ""/products/{id}"", ""/products/{id}"", ""/products/{id}"", ""/cart"", ""/checkout"", ""/order/confirm""]","[0.0, 13.0, 66.0, 109.0, 242.0, 282.0, 370.0, 509.0]","[""/checkout"", ""/products/{id}"", ""/sale"", ""/cart"", ""/order/confirm"", ""/""]",0,False,0.40530192621378125,False,False,False
ed8dbeb52f1b_0,ed8dbeb52f1b,493.0,6,6,0.0,24857.5,"[""/"", ""/search"", ""/products/{id}"", ""/cart"", ""/checkout"", ""/order/confirm""]","[0.0, 134.0, 239.0, 326.0, 337.0, 493.0]","[""/checkout"", ""/products/{id}"", ""/cart"", ""/order/confirm"", ""/search"", ""/""]",0,False,0.39174293867750015,False,False,False
c75db2e2b067_0,c75db2e2b067,96.0,2,2,0.0,17086.0,"[""/"", ""/catalog/men""]","[0.0, 96.0]","[""/"", ""/catalog/men""]",3,False,0.4301737769773511,False,False,False
c75db2e2b067_1,c75db2e2b067,341.0,7,6,0.0,35107.857142857145,"[""/"", ""/catalog/women"", ""/products/{id}"", ""/products/{id}"", ""/cart"", ""/checkout"", ""/order/confirm""]","[0.0, 70.0, 87.0, 97.0, 215.0, 284.0, 341.0]","[""/checkout"", ""/catalog/women"", ""/products/{id}"", ""/cart"", ""/order/confirm"", ""/""]",0,False,0.40771437922722725,False,False,False
c75db2e2b067_2,c75db2e2b067,556.0,7,6,0.0,20387.714285714286,"[""/"", ""/catalog/women"", ""/products/{id}"", ""/products/{id}"", ""/cart"", ""/checkout"", ""/order/confirm""]","[0.0, 103.0, 150.0, 229.0, 368.0, 460.0, 556.0]","[""/checkout"", ""/catalog/women"", ""/products/{id}"", ""/cart"", ""/order/confirm"", ""/""]",0,False,0.36872695481561196,False,False,False
c3d7db6613bb_0,c3d7db6613bb,466.0,7,6,0.0,21252.85714285714,"[""/"", ""/catalog/women"", ""/products/{id}"", ""/products/{id}"", ""/cart"", ""/checkout"", ""/order/confirm""]","[0.0, 113.0, 168.0, 333.0, 344.0, 434.0, 466.0]","[""/checkout"", ""/catalog/women"", ""/products/{id}"", ""/cart"", ""/order/confirm"", ""/""]",0,False,0.3730462378378723,False,False,False
c3d7db6613bb_1,c3d7db6613bb,543.0,7,6,0.0,19065.0,"[""/"", ""/catalog/women"", ""/products/{id}"", ""/products/{id}"", ""/cart"", ""/checkout"", ""/order/confirm""]","[0.0, 155.0, 163.0, 314.0, 409.0, 527.0, 543.0]","[""/checkout"", ""/catalog/women"", ""/products/{id}"", ""/cart"", ""/order/confirm"", ""/""]",0,False,0.36811909021924255,False,False,False
eb979ba7c1ad_0,eb979ba7c1ad,611.0,8,6,0.0,25987.375,"[""/"", ""/sale"", ""/products/{id}"", ""/products/{id}"", ""/products/{id}"", ""/cart"", ""/checkout"", ""/order/confirm""]","[0.0, 110.0, 228.0, 292.0, 346.0, 463.0, 565.0, 611.0]","[""/checkout"", ""/products/{id}"", ""/sale"", ""/cart"", ""/order/confirm"", ""/""]",0,False,0.3961061071262385,False,False,False
c6f8bfa0ed59_0,c6f8bfa0ed59,842.0,8,6,0.0,29214.75,"[""/"", ""/sale"", ""/products/{id}"", ""/products/{id}"", ""/products/{id}"", ""/cart"", ""/checkout"", ""/order/confirm""]","[0.0, 158.0, 307.0, 396.0, 527.0, 589.0, 753.0, 842.0]","[""/checkout"", ""/products/{id}"", ""/sale"", ""/cart"", ""/order/confirm"", ""/""]",0,False,0.4221917605415847,False,False,False
3ad9a9648c84_0,3ad9a9648c84,610.0,6,6,0.0,29568.833333333332,"[""/"", ""/search"", ""/products/{id}"", ""/cart"", ""/checkout"", ""/order/confirm""]","[0.0, 148.0, 259.0, 370.0, 528.0, 610.0]","[""/checkout"", ""/products/{id}"", ""/cart"", ""/order/confirm"", ""/search"", ""/""]",0,False,0.39102489159487264,False,False,False
3ad9a9648c84_1,3ad9a9648c84,40.0,2,2,0.0,13445.0,"[""/"", ""/catalog/men""]","[0.0, 40.0]","[""/"", ""/catalog/men""]",3,False,0.45102709981738526,False,False,False
3ad9a9648c84_2,3ad9a9648c84,434.0,6,6,0.0,24657.5,"[""/"", ""/search"", ""/products/{id}"", ""/cart"", ""/checkout"", ""/order/confirm""]","[0.0, 79.0, 161.0, 223.0, 267.0, 434.0]","[""/checkout"", ""/products/{id}"", ""/cart"", ""/order/confirm"", ""/search"", ""/""]",0,False,0.390459953960882,False,False,False
6a23ff549c73_0,6a23ff549c73,494.0,8,6,0.0,28175.875,"[""/"", ""/sale"", ""/products/{id}"", ""/products/{id}"", ""/products/{id}"", ""/cart"", ""/checkout"", ""/order/confirm""]","[0.0, 108.0, 120.0, 133.0, 231.0, 244.0, 343.0, 494.0]","[""/checkout"", ""/products/{id}"", ""/sale"", ""/cart"", ""/order/confirm"", ""/""]",0,False,0.41093846607474294,False,False,False
799db804d50a_0,799db804d50a,865.0,7,6,0.0,18107.0,"[""/"", ""/catalog/women"", ""/products/{id}"", ""/products/{id}"", ""/cart"", ""/checkout"", ""/order/confirm""]","[0.0, 105.0, 245.0, 387.0, 560.0, 718.0, 865.0]","[""/checkout"", ""/catalog/women"", ""/products/{id}"", ""/cart"", ""/order/confirm"", ""/""]",0,False,0.4337669847955233,False,False,False
f61cc7d710cc_0,f61cc7d710cc,793.0,8,6,0.0,17315.125,"[""/"", ""/sale"", ""/products/{id}"", ""/products/{id}"", ""/products/{id}"", ""/cart"", ""/checkout"", ""/order/confirm""]","[0.0, 177.0, 185.0, 365.0, 434.0, 462.0, 635.0, 793.0]","[""/checkout"", ""/products/{id}"", ""/sale"", ""/cart"", ""/order/confirm"", ""/""]",0,False,0.40658061180410027,False,False,False
f61cc7d710cc_1,f61cc7d710cc,71.0,2,2,0.0,11440.5,"[""/"", ""/catalog/men""]","[0.0, 71.0]","[""/"", ""/catalog/men""]",3,False,0.4394499122117549,False,False,False
2e023c15448e_0,2e023c15448e,610.0,8,6,0.125,22163.125,"[""/"", ""/sale"", ""/products/{id}"", ""/products/{id}"", ""/products/{id}"", ""/cart"", ""/checkout"", ""/order/confirm""]","[0.0, 148.0, 267.0, 395.0, 405.0, 484.0, 504.0, 610.0]","[""/checkout"", ""/products/{id}"", ""/sale"", ""/cart"", ""/order/confirm"", ""/""]",0,False,0.4717693392146876,False,False,False
0fcef50a2319_0,0fcef50a2319,27.0,2,2,0.0,24395.0,"[""/"", ""/catalog/men""]","[0.0, 27.0]","[""/"", ""/catalog/men""]",3,False,0.4635871877615155,False,False,False
59ada8a02f1f_0,59ada8a02f1f,342.0,7,5,0.0,23673.85714285714,"[""/"", ""/catalog/women"", ""/products/{id}"", ""/products/{id}"", ""/catalog/men"", ""/products/{id}"", ""/cart""]","[0.0, 125.0, 177.0, 223.0, 231.0, 292.0, 342.0]","[""/catalog/men"", ""/catalog/women"", ""/products/{id}"", ""/cart"", ""/""]",0,False,0.4112745069197631,False,False,False
24d4aaa6a96b_0,24d4aaa6a96b,873.0,7,5,0.0,23394.714285714286,"[""/"", ""/catalog/women"", ""/products/{id}"", ""/products/{id}"", ""/catalog/men"", ""/products/{id}"", ""/cart""]","[0.0, 162.0, 319.0, 487.0, 660.0, 738.0, 873.0]","[""/catalog/men"", ""/catalog/women"", ""/products/{id}"", ""/cart"", ""/""]",0,False,0.4861726498560361,False,False,False
24d4aaa6a96b_1,24d4aaa6a96b,28.0,2,2,0.0,21369.0,"[""/"", ""/catalog/men""]","[0.0, 28.0]","[""/"", ""/catalog/men""]",3,False,0.4636888638239982,False,False,False
01b12068153c_0,01b12068153c,643.0,8,6,0.0,23147.875,"[""/"", ""/sale"", ""/products/{id}"", ""/products/{id}"", ""/products/{id}"", ""/cart"", ""/checkout"", ""/order/confirm""]","[0.0, 76.0, 113.0, 240.0, 345.0, 482.0, 490.0, 643.0]","[""/checkout"", ""/products/{id}"", ""/sale"", ""/cart"", ""/order/confirm"", ""/""]",0,False,0.39750108289411645,False,False,False
01b12068153c_1,01b12068153c,396.0,6,6,0.0,16572.666666666668,"[""/"", ""/search"", ""/products/{id}"", ""/cart"", ""/checkout"", ""/order/confirm""]","[0.0, 60.0, 111.0, 176.0, 233.0, 396.0]","[""/checkout"", ""/products/{id}"", ""/cart"", ""/order/confirm"", ""/search"", ""/""]",0,False,0.3931448553815694,False,False,False
17e5da2c3e73_0,17e5da2c3e73,254.0,5,5,0.0,27235.8,"[""/"", ""/account"", ""/wishlist"", ""/products/{id}"", ""/cart""]","[0.0, 91.0, 167.0, 236.0, 254.0]","[""/wishlist"", ""/products/{id}"", ""/account"", ""/cart"", ""/""]",0,False,0.45019833843504875,False,False,False
256ae705f354_0,256ae705f354,514.0,8,6,0.0,17993.0,"[""/"", ""/sale"", ""/products/{id}"", ""/products/{id}"", ""/products/{id}"", ""/cart"", ""/checkout"", ""/order/confirm""]","[0.0, 28.0, 45.0, 106.0, 277.0, 403.0, 452.0, 514.0]","[""/checkout"", ""/products/{id}"", ""/sale"", ""/cart"", ""/order/confirm"", ""/""]",0,False,0.40530192621378125,False,False,False
256ae705f354_1,256ae705f354,19.0,2,2,0.0,22333.5,"[""/"", ""/catalog/men""]","[0.0, 19.0]","[""/"", ""/catalog/men""]",3,False,0.4926519947001908,False,False,False
256ae705f354_2,256ae705f354,531.0,7,6,0.0,21918.85714285714,"[""/"", ""/catalog/women"", ""/products/{id}"", ""/products/{id}"", ""/cart"", ""/checkout"", ""/order/confirm""]","[0.0, 65.0, 138.0, 222.0, 285.0, 372.0, 531.0]","[""/checkout"", ""/catalog/women"", ""/products/{id}"", ""/cart"", ""/order/confirm"", ""/""]",0,False,0.3690346287916993,False,False,False
4fd53a287def_0,4fd53a287def,95.0,2,2,0.0,18145.0,"[""/"", ""/catalog/men""]","[0.0, 95.0]","[""/"", ""/catalog/men""]",3,False,0.43105527826799434,False,False,False
f3667dc2f42c_0,f3667dc2f42c,398.0,7,5,0.0,24703.428571428572,"[""/"", ""/catalog/women"", ""/products/{id}"", ""/products/{id}"", ""/catalog/men"", ""/products/{id}"", ""/cart""]","[0.0, 59.0, 148.0, 205.0, 215.0, 317.0, 398.0]","[""/catalog/men"", ""/catalog/women"", ""/products/{id}"", ""/cart"", ""/""]",0,False,0.385444562767804,False,False,False
039e2bc3104e_0,039e2bc3104e,665.0,8,6,0.0,20369.0,"[""/"", ""/sale"", ""/products/{id}"", ""/products/{id}"", ""/products/{id}"", ""/cart"", ""/checkout"", ""/order/confirm""]","[0.0, 26.0, 171.0, 304.0, 343.0, 449.0, 597.0, 665.0]","[""/checkout"", ""/products/{id}"", ""/sale"", ""/cart"", ""/order/confirm"", ""/""]",0,False,0.3949331480879015,False,False,False
039e2bc3104e_1,039e2bc3104e,238.0,7,6,0.0,17674.714285714286,"[""/"", ""/catalog/women"", ""/products/{id}"", ""/products/{id}"", ""/cart"", ""/checkout"", ""/order/confirm""]","[0.0, 16.0, 72.0, 105.0, 147.0, 155.0, 238.0]","[""/checkout"", ""/catalog/women"", ""/products/{id}"", ""/cart"", ""/order/confirm"", ""/""]",0,False,0.4595308306431597,False,False,False
5e05c2bc76df_0,5e05c2bc76df,119.0,2,2,0.0,27183.5,"[""/"", ""/catalog/men""]","[0.0, 119.0]","[""/"", ""/catalog/men""]",3,False,0.4465306455846101,False,False,False
45ebd10d3ab5_0,45ebd10d3ab5,388.0,5,5,0.0,19683.2,"[""/"", ""/account"", ""/wishlist"", ""/products/{id}"", ""/cart""]","[0.0, 152.0, 231.0, 291.0, 388.0]","[""/wishlist"", ""/products/{id}"", ""/account"", ""/cart"", ""/""]",0,False,0.41934520240443585,False,False,False
7dc4b1fad67d_0,7dc4b1fad67d,454.0,7,5,0.0,25134.714285714286,"[""/"", ""/catalog/women"", ""/products/{id}"", ""/products/{id}"", ""/catalog/men"", ""/products/{id}"", ""/cart""]","[0.0, 65.0, 106.0, 223.0, 242.0, 275.0, 454.0]","[""/catalog/men"", ""/catalog/women"", ""/products/{id}"", ""/cart"", ""/""]",0,False,0.37752652062100284,False,False,False
ac13f5150eb7_0,ac13f5150eb7,663.0,7,5,0.14285714285714285,18054.85714285714,"[""/"", ""/catalog/women"", ""/products/{id}"", ""/products/{id}"", ""/catalog/men"", ""/products/{id}"", ""/cart""]","[0.0, 128.0, 288.0, 352.0, 416.0, 500.0, 663.0]","[""/catalog/men"", ""/catalog/women"", ""/products/{id}"", ""/cart"", ""/""]",0,False,0.4697383603529566,False,False,False
a31ea3be8d65_0,a31ea3be8d65,580.0,8,6,0.125,33337.0,"[""/"", ""/sale"", ""/products/{id}"", ""/products/{id}"", ""/products/{id}"", ""/cart"", ""/checkout"", ""/order/confirm""]","[0.0, 176.0, 192.0, 294.0, 393.0, 408.0, 456.0, 580.0]","[""/checkout"", ""/products/{id}"", ""/sale"", ""/cart"", ""/order/confirm"", ""/""]",0,False,0.4756262742224133,False,False,False
a31ea3be8d65_1,a31ea3be8d65,519.0,6,5,0.0,26900.5,"[""/"", ""/search"", ""/products/{id}"", ""/products/{id}"", ""/wishlist"", ""/catalog/women""]","[0.0, 147.0, 314.0, 332.0, 403.0, 519.0]","[""/wishlist"", ""/catalog/women"", ""/products/{id}"", ""/search"", ""/""]",0,False,0.396146094254362,False,False,False
8dca5d03778d_0,8dca5d03778d,470.0,7,5,0.14285714285714285,21243.85714285714,"[""/"", ""/catalog/women"", ""/products/{id}"", ""/products/{id}"", ""/catalog/men"", ""/products/{id}"", ""/cart""]","[0.0, 73.0, 124.0, 245.0, 375.0, 418.0, 470.0]","[""/catalog/men"", ""/catalog/women"", ""/products/{id}"", ""/cart"", ""/""]",0,False,0.46683919172905763,False,False,False
8dca5d03778d_1,8dca5d03778d,79.0,2,2,0.0,15141.0,"[""/"", ""/catalog/men""]","[0.0, 79.0]","[""/"", ""/catalog/men""]",3,False,0.4229617018746796,False,False,False
b3ec8956ad8c_0,b3ec8956ad8c,185.0,4,3,0.0,24600.25,"[""/"", ""/blog"", ""/blog"", ""/products/{id}""]","[0.0, 42.0, 76.0, 185.0]","[""/products/{id}"", ""/"", ""/blog""]",3,True,0.5605935857464615,False,True,False
79682b804652_0,79682b804652,42.0,2,2,0.0,29802.5,"[""/"", ""/catalog/men""]","[0.0, 42.0]","[""/"", ""/catalog/men""]",3,False,0.45130952610919095,False,False,False
79682b804652_1,79682b804652,138.0,2,2,0.0,31032.0,"[""/"", ""/catalog/men""]","[0.0, 138.0]","[""/"", ""/catalog/men""]",3,False,0.4549392591511606,False,False,False
2ed09ffee754_0,2ed09ffee754,426.0,7,6,0.0,25730.0,"[""/"", ""/catalog/women"", ""/products/{id}"", ""/products/{id}"", ""/cart"", ""/checkout"", ""/order/confirm""]","[0.0, 41.0, 112.0, 201.0, 222.0, 349.0, 426.0]","[""/checkout"", ""/catalog/women"", ""/products/{id}"", ""/cart"", ""/order/confirm"", ""/""]",0,False,0.37594970226263674,False,False,False
2ed09ffee754_1,2ed09ffee754,609.0,6,5,0.0,17777.0,"[""/"", ""/search"", ""/products/{id}"", ""/products/{id}"", ""/wishlist"", ""/catalog/women""]","[0.0, 103.0, 259.0, 409.0, 458.0, 609.0]","[""/wishlist"", ""/catalog/women"", ""/products/{id}"", ""/search"", ""/""]",0,False,0.4205634128038539,False,False,False
09a5c7b6820b_0,09a5c7b6820b,85.0,2,2,0.0,25389.0,"[""/"", ""/catalog/men""]","[0.0, 85.0]","[""/"", ""/catalog/men""]",3,False,0.4245372498454896,False,False,False
cb048bddb84e_0,cb048bddb84e,419.0,7,5,0.0,28539.571428571428,"[""/"", ""/catalog/women"", ""/products/{id}"", ""/products/{id}"", ""/catalog/men"", ""/products/{id}"", ""/cart""]","[0.0, 18.0, 183.0, 214.0, 250.0, 322.0, 419.0]","[""/catalog/men"", ""/catalog/women"", ""/products/{id}"", ""/cart"", ""/""]",0,False,0.38374537358409333,False,False,False
5ace69194ffa_0,5ace69194ffa,471.0,7,5,0.0,19544.285714285714,"[""/"", ""/catalog/women"", ""/products/{id}"", ""/products/{id}"", ""/catalog/men"", ""/products/{id}"", ""/cart""]","[0.0, 12.0, 146.0, 290.0, 366.0, 411.0, 471.0]","[""/catalog/men"", ""/catalog/women"", ""/products/{id}"", ""/cart"", ""/""]",0,False,0.3742084206632403,False,False,False
be8ae6e1aa98_0,be8ae6e1aa98,392.0,6,6,0.16666666666666666,25664.333333333332,"[""/"", ""/search"", ""/products/{id}"", ""/cart"", ""/checkout"", ""/order/confirm""]","[0.0, 64.0, 78.0, 136.0, 242.0, 392.0]","[""/checkout"", ""/products/{id}"", ""/cart"", ""/order/confirm"", ""/search"", ""/""]",0,False,0.5093910583384172,False,False,False
039c361929e1_0,039c361929e1,495.0,7,6,0.0,30322.14285714286,"[""/"", ""/catalog/women"", ""/products/{id}"", ""/products/{id}"", ""/cart"", ""/checkout"", ""/order/confirm""]","[0.0, 50.0, 124.0, 240.0, 267.0, 334.0, 495.0]","[""/checkout"", ""/catalog/women"", ""/products/{id}"", ""/cart"", ""/order/confirm"", ""/""]",0,False,0.3725422367860441,False,False,False
039c361929e1_1,039c361929e1,459.0,4,3,0.0,24188.25,"[""/"", ""/blog"", ""/blog"", ""/products/{id}""]","[0.0, 130.0, 310.0, 459.0]","[""/products/{id}"", ""/"", ""/blog""]",3,True,0.5657493312258431,False,True,False
039c361929e1_2,039c361929e1,119.0,2,2,0.0,19932.0,"[""/"", ""/catalog/men""]","[0.0, 119.0]","[""/"", ""/catalog/men""]",3,False,0.4465306455846101,False,False,False
711e2fda7a24_0,711e2fda7a24,621.0,7,5,0.0,28037.428571428572,"[""/"", ""/catalog/women"", ""/products/{id}"", ""/products/{id}"", ""/catalog/men"", ""/products/{id}"", ""/cart""]","[0.0, 100.0, 225.0, 313.0, 436.0, 607.0, 621.0]","[""/catalog/men"", ""/catalog/women"", ""/products/{id}"", ""/cart"", ""/""]",0,False,0.39194187251804774,False,False,False
711e2fda7a24_1,711e2fda7a24,143.0,2,2,0.0,17118.5,"[""/"", ""/catalog/men""]","[0.0, 143.0]","[""/"", ""/catalog/men""]",3,False,0.45608872781653353,False,False,False
67a3630dbad6_0,67a3630dbad6,405.0,6,5,0.16666666666666666,21386.166666666668,"[""/"", ""/search"", ""/products/{id}"", ""/products/{id}"", ""/wishlist"", ""/catalog/women""]","[0.0, 93.0, 192.0, 258.0, 326.0, 405.0]","[""/wishlist"", ""/catalog/women"", ""/products/{id}"", ""/search"", ""/""]",0,False,0.5149390353966358,False,False,False
67a3630dbad6_1,67a3630dbad6,688.0,7,5,0.0,24473.85714285714,"[""/"", ""/catalog/women"", ""/products/{id}"", ""/products/{id}"", ""/catalog/men"", ""/products/{id}"", ""/cart""]","[0.0, 27.0, 202.0, 345.0, 513.0, 648.0, 688.0]","[""/catalog/men"", ""/catalog/women"", ""/products/{id}"", ""/cart"", ""/""]",0,False,0.4159830415352479,False,False,False
67a3630dbad6_2,67a3630dbad6,557.0,7,5,0.0,29360.14285714286,"[""/"", ""/catalog/women"", ""/products/{id}"", ""/products/{id}"", ""/catalog/men"", ""/products/{id}"", ""/cart""]","[0.0, 133.0, 286.0, 445.0, 460.0, 485.0, 557.0]","[""/catalog/men"", ""/catalog/women"", ""/products/{id}"", ""/cart"", ""/""]",0,False,0.38021646362757516,False,False,False
be8f06014c2f_0,be8f06014c2f,662.0,7,5,0.14285714285714285,17127.428571428572,"[""/"", ""/catalog/women"", ""/products/{id}"", ""/products/{id}"", ""/catalog/men"", ""/products/{id}"", ""/cart""]","[0.0, 52.0, 227.0, 327.0, 468.0, 576.0, 662.0]","[""/catalog/men"", ""/catalog/women"", ""/products/{id}"", ""/cart"", ""/""]",0,False,0.47005628643932723,False,False,False
6cedf9ce49f2_0,6cedf9ce49f2,85.0,2,2,0.0,11023.5,"[""/"", ""/catalog/men""]","[0.0, 85.0]","[""/"", ""/catalog/men""]",3,False,0.4245372498454896,False,False,False
6011167c931f_0,6011167c931f,398.0,6,5,0.0,21326.5,"[""/"", ""/search"", ""/products/{id}"", ""/products/{id}"", ""/wishlist"", ""/catalog/women""]","[0.0, 32.0, 174.0, 250.0, 368.0, 398.0]","[""/wishlist"", ""/catalog/women"", ""/products/{id}"", ""/search"", ""/""]",0,False,0.38588355021454734,False,False,False
792a9b8145d8_0,792a9b8145d8,746.0,8,6,0.0,28136.125,"[""/"", ""/sale"", ""/products/{id}"", ""/products/{id}"", ""/products/{id}"", ""/cart"", ""/checkout"", ""/order/confirm""]","[0.0, 147.0, 179.0, 293.0, 438.0, 483.0, 601.0, 746.0]","[""/checkout"", ""/products/{id}"", ""/sale"", ""/cart"", ""/order/confirm"", ""/""]",0,False,0.39824081733060557,False,False,False
792a9b8145d8_1,792a9b8145d8,6.0,2,2,0.0,17961.0,"[""/"", ""/catalog/men""]","[0.0, 6.0]","[""/"", ""/catalog/men""]",3,True,0.5528849330637942,False,True,False
792a9b8145d8_2,792a9b8145d8,140.0,2,2,0.0,11816.0,"[""/"", ""/catalog/men""]","[0.0, 140.0]","[""/"", ""/catalog/men""]",3,False,0.45374304666976584,False,False,False
c7161f6174a1_0,c7161f6174a1,38.0,2,2,0.0,14097.0,"[""/"", ""/catalog/men""]","[0.0, 38.0]","[""/"", ""/catalog/men""]",3,False,0.45565657061271087,False,False,False
85677b2e1358_0,85677b2e1358,399.0,4,3,0.0,29740.0,"[""/"", ""/blog"", ""/blog"", ""/products/{id}""]","[0.0, 165.0, 255.0, 399.0]","[""/products/{id}"", ""/"", ""/blog""]",3,True,0.521716595007316,False,True,False
4067167790e8_0,4067167790e8,180.0,2,2,0.0,25820.0,"[""/"", ""/catalog/men""]","[0.0, 180.0]","[""/"", ""/catalog/men""]",3,True,0.5195352108244201,False,True,False
4067167790e8_1,4067167790e8,85.0,2,2,0.0,23590.0,"[""/"", ""/catalog/men""]","[0.0, 85.0]","[""/"", ""/catalog/men""]",3,False,0.4245372498454896,False,False,False
4067167790e8_2,4067167790e8,722.0,7,6,0.0,28033.0,"[""/"", ""/catalog/women"", ""/products/{id}"", ""/products/{id}"", ""/cart"", ""/checkout"", ""/order/confirm""]","[0.0, 138.0, 238.0, 416.0, 506.0, 653.0, 722.0]","[""/checkout"", ""/catalog/women"", ""/products/{id}"", ""/cart"", ""/order/confirm"", ""/""]",0,False,0.3838064663122014,False,False,False
da0edf7f7baa_0,da0edf7f7baa,57.0,2,2,0.0,9888.0,"[""/"", ""/catalog/men""]","[0.0, 57.0]","[""/"", ""/catalog/men""]",3,False,0.4592336851591318,False,False,False
da0edf7f7baa_1,da0edf7f7baa,732.0,8,6,0.0,25119.75,"[""/"", ""/sale"", ""/products/{id}"", ""/products/{id}"", ""/products/{id}"", ""/cart"", ""/checkout"", ""/order/confirm""]","[0.0, 142.0, 174.0, 221.0, 399.0, 514.0, 585.0, 732.0]","[""/checkout"", ""/products/{id}"", ""/sale"", ""/cart"", ""/order/confirm"", ""/""]",0,False,0.3986059867301023,False,False,False
da0edf7f7baa_2,da0edf7f7baa,418.0,6,6,0.0,25093.0,"[""/"", ""/search"", ""/products/{id}"", ""/cart"", ""/checkout"", ""/order/confirm""]","[0.0, 120.0, 136.0, 306.0, 373.0, 418.0]","[""/checkout"", ""/products/{id}"", ""/cart"", ""/order/confirm"", ""/search"", ""/""]",0,False,0.3930730960997427,False,False,False
fbb4ac2b6196_0,fbb4ac2b6196,602.0,7,5,0.14285714285714285,30009.85714285714,"[""/"", ""/catalog/women"", ""/products/{id}"", ""/products/{id}"", ""/catalog/men"", ""/products/{id}"", ""/cart""]","[0.0, 178.0, 267.0, 317.0, 433.0, 549.0, 602.0]","[""/catalog/men"", ""/catalog/women"", ""/products/{id}"", ""/cart"", ""/""]",0,False,0.462809791127336,False,False,False
fbb4ac2b6196_1,fbb4ac2b6196,102.0,2,2,0.0,19765.5,"[""/"", ""/catalog/men""]","[0.0, 102.0]","[""/"", ""/catalog/men""]",3,False,0.43399027848481436,False,False,False
682866b22362_0,682866b22362,316.0,4,4,0.0,10745.25,"[""/"", ""/faq"", ""/contacts"", ""/returns""]","[0.0, 173.0, 204.0, 316.0]","[""/returns"", ""/contacts"", ""/faq"", ""/""]",3,True,0.5418497785011239,False,True,False
682866b22362_1,682866b22362,79.0,2,2,0.0,17334.0,"[""/"", ""/catalog/men""]","[0.0, 79.0]","[""/"", ""/catalog/men""]",3,False,0.4229617018746796,False,False,False
c3cb2d4ccc9e_0,c3cb2d4ccc9e,347.0,5,5,0.0,28109.6,"[""/"", ""/account"", ""/wishlist"", ""/products/{id}"", ""/cart""]","[0.0, 141.0, 227.0, 294.0, 347.0]","[""/wishlist"", ""/products/{id}"", ""/account"", ""/cart"", ""/""]",0,False,0.4282360399553803,False,False,False
c3cb2d4ccc9e_1,c3cb2d4ccc9e,800.0,8,6,0.0,28006.125,"[""/"", ""/sale"", ""/products/{id}"", ""/products/{id}"", ""/products/{id}"", ""/cart"", ""/checkout"", ""/order/confirm""]","[0.0, 50.0, 189.0, 315.0, 469.0, 589.0, 649.0, 800.0]","[""/checkout"", ""/products/{id}"", ""/sale"", ""/cart"", ""/order/confirm"", ""/""]",0,False,0.40891697949385714,False,False,False
c3cb2d4ccc9e_2,c3cb2d4ccc9e,108.0,2,2,0.0,35505.0,"[""/"", ""/catalog/men""]","[0.0, 108.0]","[""/"", ""/catalog/men""]",3,False,0.4405814876863806,False,False,False
ac05c69b4b65_0,ac05c69b4b65,29.0,2,2,0.0,2409.0,"[""/"", ""/catalog/men""]","[0.0, 29.0]","[""/"", ""/catalog/men""]",3,False,0.4604445082299502,False,False,False
78a088e1fd3e_0,78a088e1fd3e,249.0,4,3,0.0,19696.75,"[""/"", ""/blog"", ""/blog"", ""/products/{id}""]","[0.0, 135.0, 157.0, 249.0]","[""/products/{id}"", ""/"", ""/blog""]",3,True,0.5168397256454754,False,True,False
78a088e1fd3e_1,78a088e1fd3e,645.0,8,6,0.0,23019.75,"[""/"", ""/sale"", ""/products/{id}"", ""/products/{id}"", ""/products/{id}"", ""/cart"", ""/checkout"", ""/order/confirm""]","[0.0, 102.0, 273.0, 310.0, 340.0, 348.0, 520.0, 645.0]","[""/checkout"", ""/products/{id}"", ""/sale"", ""/cart"", ""/order/confirm"", ""/""]",0,False,0.3961228882614475,False,False,False
c62a0c1bb9d7_0,c62a0c1bb9d7,585.0,6,6,0.0,21736.666666666668,"[""/"", ""/search"", ""/products/{id}"", ""/cart"", ""/checkout"", ""/order/confirm""]","[0.0, 173.0, 258.0, 324.0, 500.0, 585.0]","[""/checkout"", ""/products/{id}"", ""/cart"", ""/order/confirm"", ""/search"", ""/""]",0,False,0.39129655640493055,False,False,False
045b836210a0_0,045b836210a0,302.0,6,5,0.0,27454.5,"[""/"", ""/search"", ""/products/{id}"", ""/products/{id}"", ""/wishlist"", ""/catalog/women""]","[0.0, 81.0, 197.0, 204.0, 284.0, 302.0]","[""/wishlist"", ""/catalog/women"", ""/products/{id}"", ""/search"", ""/""]",0,False,0.4249350481534092,False,False,False
891e8a01082b_0,891e8a01082b,714.0,7,6,0.0,18915.571428571428,"[""/"", ""/catalog/women"", ""/products/{id}"", ""/products/{id}"", ""/cart"", ""/checkout"", ""/order/confirm""]","[0.0, 16.0, 130.0, 308.0, 488.0, 582.0, 714.0]","[""/checkout"", ""/catalog/women"", ""/products/{id}"", ""/cart"", ""/order/confirm"", ""/""]",0,False,0.3821678477918801,False,False,False
3abcdb524e71_0,3abcdb524e71,684.0,8,6,0.0,18410.25,"[""/"", ""/sale"", ""/products/{id}"", ""/products/{id}"", ""/products/{id}"", ""/cart"", ""/checkout"", ""/order/confirm""]","[0.0, 68.0, 157.0, 262.0, 349.0, 522.0, 595.0, 684.0]","[""/checkout"", ""/products/{id}"", ""/sale"", ""/cart"", ""/order/confirm"", ""/""]",0,False,0.3938504008238878,False,False,False
33d82593eb2e_0,33d82593eb2e,22.0,2,2,0.0,19965.0,"[""/"", ""/catalog/men""]","[0.0, 22.0]","[""/"", ""/catalog/men""]",3,False,0.4849479162002624,False,False,False
33d82593eb2e_1,33d82593eb2e,648.0,7,5,0.0,18351.285714285714,"[""/"", ""/catalog/women"", ""/products/{id}"", ""/products/{id}"", ""/catalog/men"", ""/products/{id}"", ""/cart""]","[0.0, 83.0, 215.0, 328.0, 409.0, 559.0, 648.0]","[""/catalog/men"", ""/catalog/women"", ""/products/{id}"", ""/cart"", ""/""]",0,False,0.3960078845017635,False,False,False
33d82593eb2e_2,33d82593eb2e,517.0,6,5,0.0,19713.166666666668,"[""/"", ""/search"", ""/products/{id}"", ""/products/{id}"", ""/wishlist"", ""/catalog/women""]","[0.0, 93.0, 198.0, 361.0, 412.0, 517.0]","[""/wishlist"", ""/catalog/women"", ""/products/{id}"", ""/search"", ""/""]",0,False,0.39515183180834546,False,False,False
357fa4816975_0,357fa4816975,78.0,2,2,0.0,30987.5,"[""/"", ""/catalog/men""]","[0.0, 78.0]","[""/"", ""/catalog/men""]",3,False,0.42382108404682006,False,False,False
77f0f7093eba_0,77f0f7093eba,633.0,7,5,0.0,23380.285714285714,"[""/"", ""/catalog/women"", ""/products/{id}"", ""/products/{id}"", ""/catalog/men"", ""/products/{id}"", ""/cart""]","[0.0, 98.0, 230.0, 289.0, 440.0, 604.0, 633.0]","[""/catalog/men"", ""/catalog/women"", ""/products/{id}"", ""/cart"", ""/""]",0,False,0.39342094250429066,False,False,False
285c309485f1_0,285c309485f1,771.0,8,6,0.0,35683.125,"[""/"", ""/sale"", ""/products/{id}"", ""/products/{id}"", ""/products/{id}"", ""/cart"", ""/checkout"", ""/order/confirm""]","[0.0, 166.0, 330.0, 368.0, 455.0, 582.0, 693.0, 771.0]","[""/checkout"", ""/products/{id}"", ""/sale"", ""/cart"", ""/order/confirm"", ""/""]",0,False,0.40101182152214854,False,False,False
285c309485f1_1,285c309485f1,626.0,7,6,0.0,23197.428571428572,"[""/"", ""/catalog/women"", ""/products/{id}"", ""/products/{id}"", ""/cart"", ""/checkout"", ""/order/confirm""]","[0.0, 122.0, 161.0, 307.0, 442.0, 595.0, 626.0]","[""/checkout"", ""/catalog/women"", ""/products/{id}"", ""/cart"", ""/order/confirm"", ""/""]",0,False,0.3737440031859028,False,False,False
5bbac1c2283d_0,5bbac1c2283d,634.0,7,5,0.0,16190.0,"[""/"", ""/catalog/women"", ""/products/{id}"", ""/products/{id}"", ""/catalog/men"", ""/products/{id}"", ""/cart""]","[0.0, 155.0, 188.0, 288.0, 370.0, 486.0, 634.0]","[""/catalog/men"", ""/catalog/women"", ""/products/{id}"", ""/cart"", ""/""]",0,False,0.393592472036287,False,False,False
5bbac1c2283d_1,5bbac1c2283d,602.0,7,6,0.14285714285714285,16430.85714285714,"[""/"", ""/catalog/women"", ""/products/{id}"", ""/products/{id}"", ""/cart"", ""/checkout"", ""/order/confirm""]","[0.0, 68.0, 209.0, 361.0, 411.0, 507.0, 602.0]","[""/checkout"", ""/catalog/women"", ""/products/{id}"", ""/cart"", ""/order/confirm"", ""/""]",0,False,0.4563586444265041,False,False,False
5bbac1c2283d_2,5bbac1c2283d,470.0,6,5,0.0,20894.166666666668,"[""/"", ""/search"", ""/products/{id}"", ""/products/{id}"", ""/wishlist"", ""/catalog/women""]","[0.0, 75.0, 88.0, 198.0, 301.0, 470.0]","[""/wishlist"", ""/catalog/women"", ""/products/{id}"", ""/search"", ""/""]",0,False,0.38503528793187897,False,False,False
5a70b6a8634d_0,5a70b6a8634d,178.0,2,2,0.0,23963.0,"[""/"", ""/catalog/men""]","[0.0, 178.0]","[""/"", ""/catalog/men""]",3,False,0.5078615792621953,False,False,False
5a70b6a8634d_1,5a70b6a8634d,414.0,7,6,0.0,21535.85714285714,"[""/"", ""/catalog/women"", ""/products/{id}"", ""/products/{id}"", ""/cart"", ""/checkout"", ""/order/confirm""]","[0.0, 78.0, 85.0, 212.0, 248.0, 301.0, 414.0]","[""/checkout"", ""/catalog/women"", ""/products/{id}"", ""/cart"", ""/order/confirm"", ""/""]",0,False,0.3804989934215979,False,False,False
2ea02c157af6_0,2ea02c157af6,436.0,7,6,0.14285714285714285,23992.0,"[""/"", ""/catalog/women"", ""/products/{id}"", ""/products/{id}"", ""/cart"", ""/checkout"", ""/order/confirm""]","[0.0, 161.0, 183.0, 323.0, 371.0, 377.0, 436.0]","[""/checkout"", ""/catalog/women"", ""/products/{id}"", ""/cart"", ""/order/confirm"", ""/""]",0,False,0.46596313665440625,False,False,False
2ea02c157af6_1,2ea02c157af6,485.0,6,5,0.0,26042.0,"[""/"", ""/search"", ""/products/{id}"", ""/products/{id}"", ""/wishlist"", ""/catalog/women""]","[0.0, 34.0, 192.0, 254.0, 307.0, 485.0]","[""/wishlist"", ""/catalog/women"", ""/products/{id}"", ""/search"", ""/""]",0,False,0.3871337980354571,False,False,False
897be78c6f15_0,897be78c6f15,589.0,7,6,0.0,25255.14285714286,"[""/"", ""/catalog/women"", ""/products/{id}"", ""/products/{id}"", ""/cart"", ""/checkout"", ""/order/confirm""]","[0.0, 162.0, 206.0, 254.0, 423.0, 462.0, 589.0]","[""/checkout"", ""/catalog/women"", ""/products/{id}"", ""/cart"", ""/order/confirm"", ""/""]",0,False,0.36702246457952553,False,False,False
5b4872435603_0,5b4872435603,657.0,8,6,0.0,26839.5,"[""/"", ""/sale"", ""/products/{id}"", ""/products/{id}"", ""/products/{id}"", ""/cart"", ""/checkout"", ""/order/confirm""]","[0.0, 81.0, 181.0, 222.0, 379.0, 462.0, 521.0, 657.0]","[""/checkout"", ""/products/{id}"", ""/sale"", ""/cart"", ""/order/confirm"", ""/""]",0,False,0.39484865700996324,False,False,False
a68afa0927b2_0,a68afa0927b2,576.0,8,6,0.0,28184.375,"[""/"", ""/sale"", ""/products/{id}"", ""/products/{id}"", ""/products/{id}"", ""/cart"", ""/checkout"", ""/order/confirm""]","[0.0, 78.0, 101.0, 256.0, 318.0, 341.0, 498.0, 576.0]","[""/checkout"", ""/products/{id}"", ""/sale"", ""/cart"", ""/order/confirm"", ""/""]",0,False,0.39990584057958417,False,False,False
ae0d617653fb_0,ae0d617653fb,42.0,2,2,0.0,8616.5,"[""/"", ""/catalog/men""]","[0.0, 42.0]","[""/"", ""/catalog/men""]",3,False,0.45130952610919095,False,False,False
ae0d617653fb_1,ae0d617653fb,98.0,2,2,0.0,20926.0,"[""/"", ""/catalog/men""]","[0.0, 98.0]","[""/"", ""/catalog/men""]",3,False,0.4297139785415152,False,False,False
ae0d617653fb_2,ae0d617653fb,616.0,7,6,0.0,29736.14285714286,"[""/"", ""/catalog/women"", ""/products/{id}"", ""/products/{id}"", ""/cart"", ""/checkout"", ""/order/confirm""]","[0.0, 153.0, 245.0, 366.0, 455.0, 534.0, 616.0]","[""/checkout"", ""/catalog/women"", ""/products/{id}"", ""/cart"", ""/order/confirm"", ""/""]",0,False,0.3697392952247504,False,False,False
6a2aaf7ca64d_0,6a2aaf7ca64d,430.0,7,5,0.0,24408.714285714286,"[""/"", ""/catalog/women"", ""/products/{id}"", ""/products/{id}"", ""/catalog/men"", ""/products/{id}"", ""/cart""]","[0.0, 89.0, 266.0, 312.0, 349.0, 388.0, 430.0]","[""/catalog/men"", ""/catalog/women"", ""/products/{id}"", ""/cart"", ""/""]",0,False,0.37938073049238014,False,False,False
6a2aaf7ca64d_1,6a2aaf7ca64d,801.0,6,6,0.0,23188.333333333332,"[""/"", ""/search"", ""/products/{id}"", ""/cart"", ""/checkout"", ""/order/confirm""]","[0.0, 167.0, 320.0, 492.0, 664.0, 801.0]","[""/checkout"", ""/products/{id}"", ""/cart"", ""/order/confirm"", ""/search"", ""/""]",0,False,0.446377329408769,False,False,False
3eaef9da59ed_0,3eaef9da59ed,583.0,7,6,0.0,22013.85714285714,"[""/"", ""/catalog/women"", ""/products/{id}"", ""/products/{id}"", ""/cart"", ""/checkout"", ""/order/confirm""]","[0.0, 86.0, 157.0, 234.0, 285.0, 436.0, 583.0]","[""/checkout"", ""/catalog/women"", ""/products/{id}"", ""/cart"", ""/order/confirm"", ""/""]",0,False,0.36827649665382156,False,False,False
3eaef9da59ed_1,3eaef9da59ed,381.0,4,4,0.0,21392.75,"[""/"", ""/faq"", ""/contacts"", ""/returns""]","[0.0, 134.0, 293.0, 381.0]","[""/returns"", ""/contacts"", ""/faq"", ""/""]",0,True,0.5353885927005373,False,True,False
d08ad68260b3_0,d08ad68260b3,763.0,7,6,0.14285714285714285,28085.0,"[""/"", ""/catalog/women"", ""/products/{id}"", ""/products/{id}"", ""/cart"", ""/checkout"", ""/order/confirm""]","[0.0, 153.0, 232.0, 368.0, 508.0, 593.0, 763.0]","[""/checkout"", ""/catalog/women"", ""/products/{id}"", ""/cart"", ""/order/confirm"", ""/""]",0,False,0.48634179739507105,False,False,False
d08ad68260b3_1,d08ad68260b3,605.0,7,6,0.0,23342.428571428572,"[""/"", ""/catalog/women"", ""/products/{id}"", ""/products/{id}"", ""/cart"", ""/checkout"", ""/order/confirm""]","[0.0, 129.0, 224.0, 297.0, 456.0, 573.0, 605.0]","[""/checkout"", ""/catalog/women"", ""/products/{id}"", ""/cart"", ""/order/confirm"", ""/""]",0,False,0.36743587799378113,False,False,False
d08ad68260b3_2,d08ad68260b3,412.0,7,5,0.0,18284.0,"[""/"", ""/catalog/women"", ""/products/{id}"", ""/products/{id}"", ""/catalog/men"", ""/products/{id}"", ""/cart""]","[0.0, 67.0, 159.0, 232.0, 329.0, 372.0, 412.0]","[""/catalog/men"", ""/catalog/women"", ""/products/{id}"", ""/cart"", ""/""]",0,False,0.3837699984334919,False,False,False
454f8b6b20f7_0,454f8b6b20f7,612.0,7,6,0.0,18995.285714285714,"[""/"", ""/catalog/women"", ""/products/{id}"", ""/products/{id}"", ""/cart"", ""/checkout"", ""/order/confirm""]","[0.0, 118.0, 196.0, 209.0, 315.0, 461.0, 612.0]","[""/checkout"", ""/catalog/women"", ""/products/{id}"", ""/cart"", ""/order/confirm"", ""/""]",0,False,0.3678810201885997,False,False,False
454f8b6b20f7_1,454f8b6b20f7,407.0,7,6,0.0,20100.14285714286,"[""/"", ""/catalog/women"", ""/products/{id}"", ""/products/{id}"", ""/cart"", ""/checkout"", ""/order/confirm""]","[0.0, 54.0, 150.0, 239.0, 269.0, 280.0, 407.0]","[""/checkout"", ""/catalog/women"", ""/products/{id}"", ""/cart"", ""/order/confirm"", ""/""]",0,False,0.3803349413328756,False,False,False
454f8b6b20f7_2,454f8b6b20f7,572.0,7,6,0.0,24588.285714285714,"[""/"", ""/catalog/women"", ""/products/{id}"", ""/products/{id}"", ""/cart"", ""/checkout"", ""/order/confirm""]","[0.0, 127.0, 235.0, 405.0, 436.0, 526.0, 572.0]","[""/checkout"", ""/catalog/women"", ""/products/{id}"", ""/cart"", ""/order/confirm"", ""/""]",0,False,0.3687861370970743,False,False,False
b93864eafd1c_0,b93864eafd1c,1001.0,8,6,0.0,18688.125,"[""/"", ""/sale"", ""/products/{id}"", ""/products/{id}"", ""/products/{id}"", ""/cart"", ""/checkout"", ""/order/confirm""]","[0.0, 161.0, 326.0, 402.0, 544.0, 716.0, 883.0, 1001.0]","[""/checkout"", ""/products/{id}"", ""/sale"", ""/cart"", ""/order/confirm"", ""/""]",0,False,0.48938955068255874,False,False,False
b93864eafd1c_1,b93864eafd1c,447.0,6,5,0.0,17548.0,"[""/"", ""/search"", ""/products/{id}"", ""/products/{id}"", ""/wishlist"", ""/catalog/women""]","[0.0, 105.0, 127.0, 248.0, 288.0, 447.0]","[""/wishlist"", ""/catalog/women"", ""/products/{id}"", ""/search"", ""/""]",0,False,0.38227250576757865,False,False,False
5f9519251245_0,5f9519251245,74.0,2,2,0.0,19126.0,"[""/"", ""/catalog/men""]","[0.0, 74.0]","[""/"", ""/catalog/men""]",3,False,0.42656266622664507,False,False,False
5f9519251245_1,5f9519251245,593.0,6,6,0.0,29335.166666666668,"[""/"", ""/search"", ""/products/{id}"", ""/cart"", ""/checkout"", ""/order/confirm""]","[0.0, 137.0, 310.0, 440.0, 535.0, 593.0]","[""/checkout"", ""/products/{id}"", ""/cart"", ""/order/confirm"", ""/search"", ""/""]",0,False,0.3906653642418596,False,False,False
22a637ab930f_0,22a637ab930f,577.0,4,2,0.25,16730.0,"[""/"", ""/catalog/men"", ""/"", ""/catalog/men""]","[0.0, 5.0, 480.0, 577.0]","[""/"", ""/catalog/men""]",3,True,0.7004114813659834,False,True,False
88bd10e211c7_0,88bd10e211c7,512.0,7,5,0.0,19990.14285714286,"[""/"", ""/catalog/women"", ""/products/{id}"", ""/products/{id}"", ""/catalog/men"", ""/products/{id}"", ""/cart""]","[0.0, 25.0, 195.0, 298.0, 330.0, 459.0, 512.0]","[""/catalog/men"", ""/catalog/women"", ""/products/{id}"", ""/cart"", ""/""]",0,False,0.3778426116554081,False,False,False
88bd10e211c7_1,88bd10e211c7,104.0,2,2,0.0,33385.0,"[""/"", ""/catalog/men""]","[0.0, 104.0]","[""/"", ""/catalog/men""]",3,False,0.4373761818876269,False,False,False
608bc34564b6_0,608bc34564b6,589.0,8,6,0.0,26058.125,"[""/"", ""/sale"", ""/products/{id}"", ""/products/{id}"", ""/products/{id}"", ""/cart"", ""/checkout"", ""/order/confirm""]","[0.0, 110.0, 217.0, 331.0, 375.0, 403.0, 441.0, 589.0]","[""/checkout"", ""/products/{id}"", ""/sale"", ""/cart"", ""/order/confirm"", ""/""]",0,False,0.397988537856578,False,False,False
608bc34564b6_1,608bc34564b6,314.0,7,6,0.14285714285714285,25145.714285714286,"[""/"", ""/catalog/women"", ""/products/{id}"", ""/products/{id}"", ""/cart"", ""/checkout"", ""/order/confirm""]","[0.0, 67.0, 124.0, 182.0, 271.0, 276.0, 314.0]","[""/checkout"", ""/catalog/women"", ""/products/{id}"", ""/cart"", ""/order/confirm"", ""/""]",0,False,0.5041444193425041,False,False,False
608bc34564b6_2,608bc34564b6,681.0,7,6,0.0,24545.285714285714,"[""/"", ""/catalog/women"", ""/products/{id}"", ""/products/{id}"", ""/cart"", ""/checkout"", ""/order/confirm""]","[0.0, 126.0, 262.0, 424.0, 562.0, 574.0, 681.0]","[""/checkout"", ""/catalog/women"", ""/products/{id}"", ""/cart"", ""/order/confirm"", ""/""]",0,False,0.3816169233237554,False,False,False
b28e5e9e7916_0,b28e5e9e7916,674.0,6,5,0.16666666666666666,18059.333333333332,"[""/"", ""/search"", ""/products/{id}"", ""/products/{id}"", ""/wishlist"", ""/catalog/women""]","[0.0, 179.0, 282.0, 422.0, 601.0, 674.0]","[""/wishlist"", ""/catalog/women"", ""/products/{id}"", ""/search"", ""/""]",0,True,0.5390175806334644,False,True,False
b28e5e9e7916_1,b28e5e9e7916,666.0,7,5,0.0,23384.428571428572,"[""/"", ""/catalog/women"", ""/products/{id}"", ""/products/{id}"", ""/catalog/men"", ""/products/{id}"", ""/cart""]","[0.0, 141.0, 264.0, 411.0, 474.0, 581.0, 666.0]","[""/catalog/men"", ""/catalog/women"", ""/products/{id}"", ""/cart"", ""/""]",0,False,0.4027183070533787,False,False,False
a8be526a6550_0,a8be526a6550,573.0,7,6,0.0,25697.14285714286,"[""/"", ""/catalog/women"", ""/products/{id}"", ""/products/{id}"", ""/cart"", ""/checkout"", ""/order/confirm""]","[0.0, 107.0, 167.0, 231.0, 318.0, 492.0, 573.0]","[""/checkout"", ""/catalog/women"", ""/products/{id}"", ""/cart"", ""/order/confirm"", ""/""]",0,False,0.37029162079313027,False,False,False
a8be526a6550_1,a8be526a6550,66.0,2,2,0.0,26170.5,"[""/"", ""/catalog/men""]","[0.0, 66.0]","[""/"", ""/catalog/men""]",3,False,0.45902398895404534,False,False,False
a8be526a6550_2,a8be526a6550,446.0,6,6,0.0,27758.0,"[""/"", ""/search"", ""/products/{id}"", ""/cart"", ""/checkout"", ""/order/confirm""]","[0.0, 143.0, 178.0, 318.0, 323.0, 446.0]","[""/checkout"", ""/products/{id}"", ""/cart"", ""/order/confirm"", ""/search"", ""/""]",0,False,0.38823770805003804,False,False,False
01d62f53499e_0,01d62f53499e,611.0,8,6,0.0,14016.5,"[""/"", ""/sale"", ""/products/{id}"", ""/products/{id}"", ""/products/{id}"", ""/cart"", ""/checkout"", ""/order/confirm""]","[0.0, 85.0, 195.0, 295.0, 355.0, 455.0, 483.0, 611.0]","[""/checkout"", ""/products/{id}"", ""/sale"", ""/cart"", ""/order/confirm"", ""/""]",0,False,0.3961061071262385,False,False,False
01d62f53499e_1,01d62f53499e,773.0,7,6,0.0,15638.57142857143,"[""/"", ""/catalog/women"", ""/products/{id}"", ""/products/{id}"", ""/cart"", ""/checkout"", ""/order/confirm""]","[0.0, 180.0, 270.0, 408.0, 576.0, 632.0, 773.0]","[""/checkout"", ""/catalog/women"", ""/products/{id}"", ""/cart"", ""/order/confirm"", ""/""]",0,False,0.39229808005219957,False,False,False
250fcaca2356_0,250fcaca2356,375.0,6,6,0.16666666666666666,22302.166666666668,"[""/"", ""/search"", ""/products/{id}"", ""/cart"", ""/checkout"", ""/order/confirm""]","[0.0, 34.0, 82.0, 109.0, 287.0, 375.0]","[""/checkout"", ""/products/{id}"", ""/cart"", ""/order/confirm"", ""/search"", ""/""]",0,True,0.5159248657562707,False,True,False
250fcaca2356_1,250fcaca2356,109.0,2,2,0.0,19871.5,"[""/"", ""/catalog/men""]","[0.0, 109.0]","[""/"", ""/catalog/men""]",3,False,0.44509435689352433,False,False,False
250fcaca2356_2,250fcaca2356,669.0,7,6,0.0,13797.57142857143,"[""/"", ""/catalog/women"", ""/products/{id}"", ""/products/{id}"", ""/cart"", ""/checkout"", ""/order/confirm""]","[0.0, 11.0, 159.0, 213.0, 363.0, 496.0, 669.0]","[""/checkout"", ""/catalog/women"", ""/products/{id}"", ""/cart"", ""/order/confirm"", ""/""]",0,False,0.3776249327598558,False,False,False
817370d29fff_0,817370d29fff,605.0,6,6,0.0,23008.5,"[""/"", ""/search"", ""/products/{id}"", ""/cart"", ""/checkout"", ""/order/confirm""]","[0.0, 82.0, 172.0, 289.0, 446.0, 605.0]","[""/checkout"", ""/products/{id}"", ""/cart"", ""/order/confirm"", ""/search"", ""/""]",0,False,0.3907655640615068,False,False,False
817370d29fff_1,817370d29fff,51.0,2,2,0.0,36704.5,"[""/"", ""/catalog/men""]","[0.0, 51.0]","[""/"", ""/catalog/men""]",3,False,0.46652340490833716,False,False,False
8175896ee126_0,8175896ee126,444.0,6,5,0.0,13932.5,"[""/"", ""/search"", ""/products/{id}"", ""/products/{id}"", ""/wishlist"", ""/catalog/women""]","[0.0, 159.0, 194.0, 332.0, 432.0, 444.0]","[""/wishlist"", ""/catalog/women"", ""/products/{id}"", ""/search"", ""/""]",0,False,0.38227250576757865,False,False,False
8175896ee126_1,8175896ee126,474.0,6,5,0.0,26664.833333333332,"[""/"", ""/search"", ""/products/{id}"", ""/products/{id}"", ""/wishlist"", ""/catalog/women""]","[0.0, 110.0, 223.0, 247.0, 402.0, 474.0]","[""/wishlist"", ""/catalog/women"", ""/products/{id}"", ""/search"", ""/""]",0,False,0.38706716205385655,False,False,False
8a1771b4f150_0,8a1771b4f150,580.0,7,5,0.0,19525.14285714286,"[""/"", ""/catalog/women"", ""/products/{id}"", ""/products/{id}"", ""/catalog/men"", ""/products/{id}"", ""/cart""]","[0.0, 88.0, 198.0, 221.0, 337.0, 458.0, 580.0]","[""/catalog/men"", ""/catalog/women"", ""/products/{id}"", ""/cart"", ""/""]",0,False,0.38487899450074653,False,False,False
8a1771b4f150_1,8a1771b4f150,470.0,7,5,0.0,24930.85714285714,"[""/"", ""/catalog/women"", ""/products/{id}"", ""/products/{id}"", ""/catalog/men"", ""/products/{id}"", ""/cart""]","[0.0, 39.0, 200.0, 329.0, 356.0, 433.0, 470.0]","[""/catalog/men"", ""/catalog/women"", ""/products/{id}"", ""/cart"", ""/""]",0,False,0.3735655086935919,False,False,False
8a1771b4f150_2,8a1771b4f150,546.0,7,5,0.0,30045.571428571428,"[""/"", ""/catalog/women"", ""/products/{id}"", ""/products/{id}"", ""/catalog/men"", ""/products/{id}"", ""/cart""]","[0.0, 134.0, 307.0, 340.0, 472.0, 488.0, 546.0]","[""/catalog/men"", ""/catalog/women"", ""/products/{id}"", ""/cart"", ""/""]",0,False,0.3772275844376294,False,False,False
b1f1f15baa0a_0,b1f1f15baa0a,354.0,5,5,0.0,24621.6,"[""/"", ""/account"", ""/wishlist"", ""/products/{id}"", ""/cart""]","[0.0, 13.0, 95.0, 225.0, 354.0]","[""/wishlist"", ""/products/{id}"", ""/account"", ""/cart"", ""/""]",0,False,0.42418774667482556,False,False,False
b1f1f15baa0a_1,b1f1f15baa0a,107.0,2,2,0.0,43742.5,"[""/"", ""/catalog/men""]","[0.0, 107.0]","[""/"", ""/catalog/men""]",3,False,0.4381083595049222,False,False,False
b1f1f15baa0a_2,b1f1f15baa0a,433.0,7,6,0.0,29812.0,"[""/"", ""/catalog/women"", ""/products/{id}"", ""/products/{id}"", ""/cart"", ""/checkout"", ""/order/confirm""]","[0.0, 11.0, 103.0, 199.0, 266.0, 350.0, 433.0]","[""/checkout"", ""/catalog/women"", ""/products/{id}"", ""/cart"", ""/order/confirm"", ""/""]",0,False,0.3752618646304767,False,False,False
fb5a5614d9ae_0,fb5a5614d9ae,464.0,7,6,0.0,23628.285714285714,"[""/"", ""/catalog/women"", ""/products/{id}"", ""/products/{id}"", ""/cart"", ""/checkout"", ""/order/confirm""]","[0.0, 100.0, 145.0, 236.0, 280.0, 317.0, 464.0]","[""/checkout"", ""/catalog/women"", ""/products/{id}"", ""/cart"", ""/order/confirm"", ""/""]",0,False,0.3736357489162017,False,False,False
fb5a5614d9ae_1,fb5a5614d9ae,370.0,4,3,0.0,12465.0,"[""/"", ""/blog"", ""/blog"", ""/products/{id}""]","[0.0, 145.0, 273.0, 370.0]","[""/products/{id}"", ""/"", ""/blog""]",3,False,0.4913563404167609,False,False,False
fb5a5614d9ae_2,fb5a5614d9ae,96.0,4,3,0.0,12804.5,"[""/"", ""/blog"", ""/blog"", ""/products/{id}""]","[0.0, 19.0, 42.0, 96.0]","[""/products/{id}"", ""/"", ""/blog""]",3,True,0.5974299282127967,False,True,False
bacd51451cbc_0,bacd51451cbc,102.0,2,2,0.0,12584.0,"[""/"", ""/catalog/men""]","[0.0, 102.0]","[""/"", ""/catalog/men""]",3,False,0.43399027848481436,False,False,False
1cb569020a16_0,1cb569020a16,369.0,4,3,0.0,20364.75,"[""/"", ""/blog"", ""/blog"", ""/products/{id}""]","[0.0, 65.0, 189.0, 369.0]","[""/products/{id}"", ""/"", ""/blog""]",3,False,0.4920907251777301,False,False,False
1cb569020a16_1,1cb569020a16,385.0,6,6,0.0,18657.0,"[""/"", ""/search"", ""/products/{id}"", ""/cart"", ""/checkout"", ""/order/confirm""]","[0.0, 20.0, 191.0, 240.0, 254.0, 385.0]","[""/checkout"", ""/products/{id}"", ""/cart"", ""/order/confirm"", ""/search"", ""/""]",0,False,0.39455014370590463,False,False,False
1cb569020a16_2,1cb569020a16,404.0,5,5,0.0,22000.2,"[""/"", ""/account"", ""/wishlist"", ""/products/{id}"", ""/cart""]","[0.0, 25.0, 197.0, 256.0, 404.0]","[""/wishlist"", ""/products/{id}"", ""/account"", ""/cart"", ""/""]",0,False,0.4224948069333727,False,False,False
e3eafd1d7569_0,e3eafd1d7569,482.0,8,6,0.25,20217.75,"[""/"", ""/sale"", ""/products/{id}"", ""/products/{id}"", ""/products/{id}"", ""/cart"", ""/checkout"", ""/order/confirm""]","[0.0, 103.0, 144.0, 157.0, 239.0, 287.0, 415.0, 482.0]","[""/checkout"", ""/products/{id}"", ""/sale"", ""/cart"", ""/order/confirm"", ""/""]",0,True,0.5777516991496552,False,True,False
e3eafd1d7569_1,e3eafd1d7569,99.0,2,2,0.0,30534.0,"[""/"", ""/catalog/men""]","[0.0, 99.0]","[""/"", ""/catalog/men""]",3,False,0.43033958381287013,False,False,False
e3eafd1d7569_2,e3eafd1d7569,36.0,2,2,0.0,40289.5,"[""/"", ""/catalog/men""]","[0.0, 36.0]","[""/"", ""/catalog/men""]",3,False,0.45935194065825896,False,False,False
b50f2ccf06ad_0,b50f2ccf06ad,511.0,7,6,0.0,22769.14285714286,"[""/"", ""/catalog/women"", ""/products/{id}"", ""/products/{id}"", ""/cart"", ""/checkout"", ""/order/confirm""]","[0.0, 115.0, 255.0, 291.0, 360.0, 460.0, 511.0]","[""/checkout"", ""/catalog/women"", ""/products/{id}"", ""/cart"", ""/order/confirm"", ""/""]",0,False,0.3704502594028133,False,False,False
371e067c74c9_0,371e067c74c9,58.0,2,2,0.0,12700.0,"[""/"", ""/catalog/men""]","[0.0, 58.0]","[""/"", ""/catalog/men""]",3,False,0.4581478079787101,False,False,False
0dfd4c4b5cc2_0,0dfd4c4b5cc2,626.0,7,6,0.0,30229.571428571428,"[""/"", ""/catalog/women"", ""/products/{id}"", ""/products/{id}"", ""/cart"", ""/checkout"", ""/order/confirm""]","[0.0, 133.0, 240.0, 402.0, 427.0, 471.0, 626.0]","[""/checkout"", ""/catalog/women"", ""/products/{id}"", ""/cart"", ""/order/confirm"", ""/""]",0,False,0.3737440031859028,False,False,False
0dfd4c4b5cc2_1,0dfd4c4b5cc2,773.0,7,5,0.0,29406.85714285714,"[""/"", ""/catalog/women"", ""/products/{id}"", ""/products/{id}"", ""/catalog/men"", ""/products/{id}"", ""/cart""]","[0.0, 158.0, 169.0, 304.0, 474.0, 605.0, 773.0]","[""/catalog/men"", ""/catalog/women"", ""/products/{id}"", ""/cart"", ""/""]",0,False,0.4264344298707143,False,False,False
8c4d3df5d46e_3,8c4d3df5d46e,569.0,7,6,0.0,29857.85714285714,"[""/"", ""/catalog/women"", ""/products/{id}"", ""/products/{id}"", ""/cart"", ""/checkout"", ""/order/confirm""]","[0.0, 85.0, 257.0, 271.0, 430.0, 512.0, 569.0]","[""/checkout"", ""/catalog/women"", ""/products/{id}"", ""/cart"", ""/order/confirm"", ""/""]",0,False,0.36896991787762673,False,False,False
0e8e99ecaadb_1,0e8e99ecaadb,620.0,8,6,0.125,22144.625,"[""/"", ""/sale"", ""/products/{id}"", ""/products/{id}"", ""/products/{id}"", ""/cart"", ""/checkout"", ""/order/confirm""]","[0.0, 93.0, 260.0, 428.0, 486.0, 556.0, 573.0, 620.0]","[""/checkout"", ""/products/{id}"", ""/sale"", ""/cart"", ""/order/confirm"", ""/""]",0,False,0.4772764641591213,False,False,False
3f492b709722_1,3f492b709722,380.0,6,5,0.0,19546.0,"[""/"", ""/search"", ""/products/{id}"", ""/products/{id}"", ""/wishlist"", ""/catalog/women""]","[0.0, 26.0, 189.0, 257.0, 325.0, 380.0]","[""/wishlist"", ""/catalog/women"", ""/products/{id}"", ""/search"", ""/""]",0,False,0.3912710132789478,False,False,False
eedc61203bb1_1,eedc61203bb1,147.0,2,2,0.0,19530.5,"[""/"", ""/catalog/men""]","[0.0, 147.0]","[""/"", ""/catalog/men""]",3,False,0.4638118997534396,False,False,False
d5960403132f_2,d5960403132f,607.0,7,6,0.0,24742.0,"[""/"", ""/catalog/women"", ""/products/{id}"", ""/products/{id}"", ""/cart"", ""/checkout"", ""/order/confirm""]","[0.0, 93.0, 187.0, 358.0, 453.0, 582.0, 607.0]","[""/checkout"", ""/catalog/women"", ""/products/{id}"", ""/cart"", ""/order/confirm"", ""/""]",0,False,0.36743587799378113,False,False,False
03e35dbdcb9d_2,03e35dbdcb9d,611.0,6,5,0.0,21350.5,"[""/"", ""/search"", ""/products/{id}"", ""/products/{id}"", ""/wishlist"", ""/catalog/women""]","[0.0, 147.0, 207.0, 377.0, 460.0, 611.0]","[""/wishlist"", ""/catalog/women"", ""/products/{id}"", ""/search"", ""/""]",0,False,0.41987685297849553,False,False,False
c2bd40dab85d_1,c2bd40dab85d,42.0,2,2,0.0,16700.0,"[""/"", ""/catalog/men""]","[0.0, 42.0]","[""/"", ""/catalog/men""]",3,False,0.45130952610919095,False,False,False
4fb42a54bce3_2,4fb42a54bce3,46.0,2,2,0.0,26664.5,"[""/"", ""/catalog/men""]","[0.0, 46.0]","[""/"", ""/catalog/men""]",3,False,0.45186234820648674,False,False,False
380b8542f7b3_1,380b8542f7b3,513.0,6,6,0.0,21475.333333333332,"[""/"", ""/search"", ""/products/{id}"", ""/cart"", ""/checkout"", ""/order/confirm""]","[0.0, 74.0, 99.0, 224.0, 385.0, 513.0]","[""/checkout"", ""/products/{id}"", ""/cart"", ""/order/confirm"", ""/search"", ""/""]",0,False,0.3920505424785197,False,False,False
d31e9a340238_3,d31e9a340238,744.0,7,6,0.0,30902.14285714286,"[""/"", ""/catalog/women"", ""/products/{id}"", ""/products/{id}"", ""/cart"", ""/checkout"", ""/order/confirm""]","[0.0, 153.0, 197.0, 347.0, 527.0, 696.0, 744.0]","[""/checkout"", ""/catalog/women"", ""/products/{id}"", ""/cart"", ""/order/confirm"", ""/""]",0,False,0.3864176226863861,False,False,False
5c04e55a1c54_3,5c04e55a1c54,600.0,6,6,0.0,26644.166666666668,"[""/"", ""/search"", ""/products/{id}"", ""/cart"", ""/checkout"", ""/order/confirm""]","[0.0, 149.0, 228.0, 306.0, 455.0, 600.0]","[""/checkout"", ""/products/{id}"", ""/cart"", ""/order/confirm"", ""/search"", ""/""]",0,False,0.39109829650095507,False,False,False
2bbc719898cb_3,2bbc719898cb,483.0,6,5,0.0,28427.666666666668,"[""/"", ""/search"", ""/products/{id}"", ""/products/{id}"", ""/wishlist"", ""/catalog/women""]","[0.0, 46.0, 127.0, 268.0, 394.0, 483.0]","[""/wishlist"", ""/catalog/women"", ""/products/{id}"", ""/search"", ""/""]",0,False,0.38680536628270207,False,False,False
ed8dbeb52f1b_1,ed8dbeb52f1b,528.0,7,5,0.0,25182.285714285714,"[""/"", ""/catalog/women"", ""/products/{id}"", ""/products/{id}"", ""/catalog/men"", ""/products/{id}"", ""/cart""]","[0.0, 94.0, 204.0, 266.0, 338.0, 515.0, 528.0]","[""/catalog/men"", ""/catalog/women"", ""/products/{id}"", ""/cart"", ""/""]",0,False,0.378975912966142,False,False,False
c75db2e2b067_3,c75db2e2b067,469.0,7,6,0.0,22257.714285714286,"[""/"", ""/catalog/women"", ""/products/{id}"", ""/products/{id}"", ""/cart"", ""/checkout"", ""/order/confirm""]","[0.0, 122.0, 147.0, 232.0, 290.0, 442.0, 469.0]","[""/checkout"", ""/catalog/women"", ""/products/{id}"", ""/cart"", ""/order/confirm"", ""/""]",0,False,0.3725883963509046,False,False,False
c3d7db6613bb_2,c3d7db6613bb,453.0,6,6,0.0,28938.333333333332,"[""/"", ""/search"", ""/products/{id}"", ""/cart"", ""/checkout"", ""/order/confirm""]","[0.0, 19.0, 134.0, 282.0, 389.0, 453.0]","[""/checkout"", ""/products/{id}"", ""/cart"", ""/order/confirm"", ""/search"", ""/""]",0,False,0.3885188420138473,False,False,False
eb979ba7c1ad_1,eb979ba7c1ad,199.0,5,5,0.0,28335.8,"[""/"", ""/account"", ""/wishlist"", ""/products/{id}"", ""/cart""]","[0.0, 11.0, 144.0, 169.0, 199.0]","[""/wishlist"", ""/products/{id}"", ""/account"", ""/cart"", ""/""]",0,False,0.48627424427531335,False,False,False
c6f8bfa0ed59_1,c6f8bfa0ed59,232.0,5,5,0.0,13820.4,"[""/"", ""/account"", ""/wishlist"", ""/products/{id}"", ""/cart""]","[0.0, 61.0, 152.0, 202.0, 232.0]","[""/wishlist"", ""/products/{id}"", ""/account"", ""/cart"", ""/""]",0,False,0.4660307528588578,False,False,False
3ad9a9648c84_3,3ad9a9648c84,544.0,8,6,0.125,22504.0,"[""/"", ""/sale"", ""/products/{id}"", ""/products/{id}"", ""/products/{id}"", ""/cart"", ""/checkout"", ""/order/confirm""]","[0.0, 100.0, 109.0, 151.0, 247.0, 359.0, 376.0, 544.0]","[""/checkout"", ""/products/{id}"", ""/sale"", ""/cart"", ""/order/confirm"", ""/""]",0,False,0.47774237211669274,False,False,False
6a23ff549c73_1,6a23ff549c73,593.0,7,5,0.14285714285714285,24493.571428571428,"[""/"", ""/catalog/women"", ""/products/{id}"", ""/products/{id}"", ""/catalog/men"", ""/products/{id}"", ""/cart""]","[0.0, 116.0, 219.0, 351.0, 424.0, 449.0, 593.0]","[""/catalog/men"", ""/catalog/women"", ""/products/{id}"", ""/cart"", ""/""]",0,False,0.46130372892686966,False,False,False
799db804d50a_1,799db804d50a,781.0,8,6,0.125,32491.75,"[""/"", ""/sale"", ""/products/{id}"", ""/products/{id}"", ""/products/{id}"", ""/cart"", ""/checkout"", ""/order/confirm""]","[0.0, 157.0, 258.0, 360.0, 459.0, 495.0, 630.0, 781.0]","[""/checkout"", ""/products/{id}"", ""/sale"", ""/cart"", ""/order/confirm"", ""/""]",0,False,0.4969622744485182,False,False,False
f61cc7d710cc_2,f61cc7d710cc,468.0,6,5,0.0,27883.0,"[""/"", ""/search"", ""/products/{id}"", ""/products/{id}"", ""/wishlist"", ""/catalog/women""]","[0.0, 126.0, 242.0, 344.0, 373.0, 468.0]","[""/wishlist"", ""/catalog/women"", ""/products/{id}"", ""/search"", ""/""]",0,False,0.38497876221540217,False,False,False
2e023c15448e_1,2e023c15448e,314.0,6,6,0.0,27539.0,"[""/"", ""/search"", ""/products/{id}"", ""/cart"", ""/checkout"", ""/order/confirm""]","[0.0, 7.0, 128.0, 199.0, 279.0, 314.0]","[""/checkout"", ""/products/{id}"", ""/cart"", ""/order/confirm"", ""/search"", ""/""]",0,False,0.4369449123237698,False,False,False
0fcef50a2319_1,0fcef50a2319,239.0,4,3,0.0,25693.5,"[""/"", ""/blog"", ""/blog"", ""/products/{id}""]","[0.0, 82.0, 118.0, 239.0]","[""/products/{id}"", ""/"", ""/blog""]",3,True,0.5252714388733883,False,True,False
24cb999d339f_0,24cb999d339f,703.0,8,6,0.0,29573.5,"[""/"", ""/sale"", ""/products/{id}"", ""/products/{id}"", ""/products/{id}"", ""/cart"", ""/checkout"", ""/order/confirm""]","[0.0, 134.0, 177.0, 295.0, 425.0, 444.0, 555.0, 703.0]","[""/checkout"", ""/products/{id}"", ""/sale"", ""/cart"", ""/order/confirm"", ""/""]",0,False,0.39338915036647715,False,False,False
8cade146db93_0,8cade146db93,364.0,6,6,0.0,24966.0,"[""/"", ""/search"", ""/products/{id}"", ""/cart"", ""/checkout"", ""/order/confirm""]","[0.0, 57.0, 82.0, 188.0, 260.0, 364.0]","[""/checkout"", ""/products/{id}"", ""/cart"", ""/order/confirm"", ""/search"", ""/""]",0,False,0.4094533678011378,False,False,False
59ada8a02f1f_1,59ada8a02f1f,75.0,2,2,0.0,27826.0,"[""/"", ""/catalog/men""]","[0.0, 75.0]","[""/"", ""/catalog/men""]",3,False,0.42618039505817157,False,False,False
24d4aaa6a96b_2,24d4aaa6a96b,46.0,2,2,0.0,32091.0,"[""/"", ""/catalog/men""]","[0.0, 46.0]","[""/"", ""/catalog/men""]",3,False,0.45186234820648674,False,False,False
01b12068153c_2,01b12068153c,364.0,5,5,0.0,24098.8,"[""/"", ""/account"", ""/wishlist"", ""/products/{id}"", ""/cart""]","[0.0, 128.0, 250.0, 262.0, 364.0]","[""/wishlist"", ""/products/{id}"", ""/account"", ""/cart"", ""/""]",0,False,0.4232431675575054,False,False,False
17e5da2c3e73_1,17e5da2c3e73,678.0,8,6,0.0,19729.375,"[""/"", ""/sale"", ""/products/{id}"", ""/products/{id}"", ""/products/{id}"", ""/cart"", ""/checkout"", ""/order/confirm""]","[0.0, 124.0, 171.0, 255.0, 407.0, 431.0, 498.0, 678.0]","[""/checkout"", ""/products/{id}"", ""/sale"", ""/cart"", ""/order/confirm"", ""/""]",0,False,0.3947839048177586,False,False,False
256ae705f354_3,256ae705f354,775.0,7,6,0.0,28964.0,"[""/"", ""/catalog/women"", ""/products/{id}"", ""/products/{id}"", ""/cart"", ""/checkout"", ""/order/confirm""]","[0.0, 160.0, 288.0, 456.0, 628.0, 709.0, 775.0]","[""/checkout"", ""/catalog/women"", ""/products/{id}"", ""/cart"", ""/order/confirm"", ""/""]",0,False,0.3935778986205305,False,False,False
4fd53a287def_1,4fd53a287def,173.0,2,2,0.0,12305.0,"[""/"", ""/catalog/men""]","[0.0, 173.0]","[""/"", ""/catalog/men""]",3,False,0.5070359122362831,False,False,False
f3667dc2f42c_1,f3667dc2f42c,681.0,7,6,0.14285714285714285,29528.0,"[""/"", ""/catalog/women"", ""/products/{id}"", ""/products/{id}"", ""/cart"", ""/checkout"", ""/order/confirm""]","[0.0, 50.0, 173.0, 294.0, 434.0, 520.0, 681.0]","[""/checkout"", ""/catalog/women"", ""/products/{id}"", ""/cart"", ""/order/confirm"", ""/""]",0,False,0.4732474000208422,False,False,False
039e2bc3104e_2,039e2bc3104e,448.0,7,6,0.0,30071.428571428572,"[""/"", ""/catalog/women"", ""/products/{id}"", ""/products/{id}"", ""/cart"", ""/checkout"", ""/order/confirm""]","[0.0, 49.0, 78.0, 180.0, 274.0, 385.0, 448.0]","[""/checkout"", ""/catalog/women"", ""/products/{id}"", ""/cart"", ""/order/confirm"", ""/""]",0,False,0.3737232335366308,False,False,False
5e05c2bc76df_1,5e05c2bc76df,598.0,7,6,0.0,31325.571428571428,"[""/"", ""/catalog/women"", ""/products/{id}"", ""/products/{id}"", ""/cart"", ""/checkout"", ""/order/confirm""]","[0.0, 145.0, 284.0, 306.0, 448.0, 509.0, 598.0]","[""/checkout"", ""/catalog/women"", ""/products/{id}"", ""/cart"", ""/order/confirm"", ""/""]",0,False,0.36631694554714583,False,False,False
45ebd10d3ab5_1,45ebd10d3ab5,2713.0,9,7,0.2222222222222222,29957.666666666668,"[""/"", ""/catalog/men"", ""/"", ""/catalog/women"", ""/products/{id}"", ""/products/{id}"", ""/cart"", ""/checkout"", ""/order/confirm""]","[0.0, 156.0, 2400.0, 2420.0, 2464.0, 2482.0, 2563.0, 2608.0, 2713.0]","[""/catalog/men"", ""/checkout"", ""/catalog/women"", ""/products/{id}"", ""/cart"", ""/order/confirm"", ""/""]",2,True,0.7336780013465397,True,True,True
7dc4b1fad67d_1,7dc4b1fad67d,504.0,7,5,0.0,13079.285714285714,"[""/"", ""/catalog/women"", ""/products/{id}"", ""/products/{id}"", ""/catalog/men"", ""/products/{id}"", ""/cart""]","[0.0, 113.0, 169.0, 240.0, 409.0, 419.0, 504.0]","[""/catalog/men"", ""/catalog/women"", ""/products/{id}"", ""/cart"", ""/""]",0,False,0.37908067589467925,False,False,False
ac13f5150eb7_1,ac13f5150eb7,704.0,8,6,0.0,12910.625,"[""/"", ""/sale"", ""/products/{id}"", ""/products/{id}"", ""/products/{id}"", ""/cart"", ""/checkout"", ""/order/confirm""]","[0.0, 11.0, 103.0, 278.0, 438.0, 556.0, 686.0, 704.0]","[""/checkout"", ""/products/{id}"", ""/sale"", ""/cart"", ""/order/confirm"", ""/""]",0,False,0.39338915036647715,False,False,False
a31ea3be8d65_2,a31ea3be8d65,589.0,7,5,0.0,22604.285714285714,"[""/"", ""/catalog/women"", ""/products/{id}"", ""/products/{id}"", ""/catalog/men"", ""/products/{id}"", ""/cart""]","[0.0, 177.0, 234.0, 312.0, 369.0, 547.0, 589.0]","[""/catalog/men"", ""/catalog/women"", ""/products/{id}"", ""/cart"", ""/""]",0,False,0.3846924224855002,False,False,False
8dca5d03778d_2,8dca5d03778d,531.0,7,5,0.0,29359.714285714286,"[""/"", ""/catalog/women"", ""/products/{id}"", ""/products/{id}"", ""/catalog/men"", ""/products/{id}"", ""/cart""]","[0.0, 12.0, 100.0, 174.0, 224.0, 390.0, 531.0]","[""/catalog/men"", ""/catalog/women"", ""/products/{id}"", ""/cart"", ""/""]",0,False,0.37975064494033456,False,False,False
b3ec8956ad8c_1,b3ec8956ad8c,450.0,7,6,0.0,21623.714285714286,"[""/"", ""/catalog/women"", ""/products/{id}"", ""/products/{id}"", ""/cart"", ""/checkout"", ""/order/confirm""]","[0.0, 50.0, 125.0, 237.0, 289.0, 403.0, 450.0]","[""/checkout"", ""/catalog/women"", ""/products/{id}"", ""/cart"", ""/order/confirm"", ""/""]",0,False,0.3737232335366308,False,False,False
79682b804652_2,79682b804652,155.0,2,2,0.0,34965.0,"[""/"", ""/catalog/men""]","[0.0, 155.0]","[""/"", ""/catalog/men""]",3,False,0.47569363510968016,False,False,False
2ed09ffee754_2,2ed09ffee754,730.0,7,5,0.0,24568.428571428572,"[""/"", ""/catalog/women"", ""/products/{id}"", ""/products/{id}"", ""/catalog/men"", ""/products/{id}"", ""/cart""]","[0.0, 161.0, 279.0, 456.0, 483.0, 640.0, 730.0]","[""/catalog/men"", ""/catalog/women"", ""/products/{id}"", ""/cart"", ""/""]",0,False,0.42425239673411347,False,False,False
3bf68dfd6cda_0,3bf68dfd6cda,179.0,2,2,0.0,18085.0,"[""/"", ""/catalog/men""]","[0.0, 179.0]","[""/"", ""/catalog/men""]",3,False,0.5100481611608457,False,False,False
09a5c7b6820b_1,09a5c7b6820b,764.0,7,5,0.0,20105.714285714286,"[""/"", ""/catalog/women"", ""/products/{id}"", ""/products/{id}"", ""/catalog/men"", ""/products/{id}"", ""/cart""]","[0.0, 171.0, 321.0, 428.0, 545.0, 630.0, 764.0]","[""/catalog/men"", ""/catalog/women"", ""/products/{id}"", ""/cart"", ""/""]",0,False,0.42716007253730753,False,False,False
cb048bddb84e_1,cb048bddb84e,563.0,7,6,0.0,20848.428571428572,"[""/"", ""/catalog/women"", ""/products/{id}"", ""/products/{id}"", ""/cart"", ""/checkout"", ""/order/confirm""]","[0.0, 46.0, 96.0, 189.0, 333.0, 403.0, 563.0]","[""/checkout"", ""/catalog/women"", ""/products/{id}"", ""/cart"", ""/order/confirm"", ""/""]",0,False,0.36896991787762673,False,False,False
5ace69194ffa_1,5ace69194ffa,165.0,2,2,0.0,22256.5,"[""/"", ""/catalog/men""]","[0.0, 165.0]","[""/"", ""/catalog/men""]",3,False,0.49463704866826635,False,False,False
be8ae6e1aa98_1,be8ae6e1aa98,588.0,6,6,0.0,18193.0,"[""/"", ""/search"", ""/products/{id}"", ""/cart"", ""/checkout"", ""/order/confirm""]","[0.0, 171.0, 347.0, 448.0, 552.0, 588.0]","[""/checkout"", ""/products/{id}"", ""/cart"", ""/order/confirm"", ""/search"", ""/""]",0,False,0.39045591927414425,False,False,False
039c361929e1_3,039c361929e1,377.0,8,6,0.0,23363.75,"[""/"", ""/sale"", ""/products/{id}"", ""/products/{id}"", ""/products/{id}"", ""/cart"", ""/checkout"", ""/order/confirm""]","[0.0, 74.0, 109.0, 161.0, 236.0, 290.0, 340.0, 377.0]","[""/checkout"", ""/products/{id}"", ""/sale"", ""/cart"", ""/order/confirm"", ""/""]",0,False,0.4366937453130859,False,False,False
9d24ea10b482_0,9d24ea10b482,118.0,2,2,0.0,15655.5,"[""/"", ""/catalog/men""]","[0.0, 118.0]","[""/"", ""/catalog/men""]",3,False,0.44756790971987154,False,False,False
d5afad614ba3_0,d5afad614ba3,407.0,7,5,0.14285714285714285,27451.428571428572,"[""/"", ""/catalog/women"", ""/products/{id}"", ""/products/{id}"", ""/catalog/men"", ""/products/{id}"", ""/cart""]","[0.0, 7.0, 81.0, 160.0, 295.0, 380.0, 407.0]","[""/catalog/men"", ""/catalog/women"", ""/products/{id}"", ""/cart"", ""/""]",0,False,0.4840148979405719,False,False,False
711e2fda7a24_2,711e2fda7a24,874.0,8,6,0.0,23931.375,"[""/"", ""/sale"", ""/products/{id}"", ""/products/{id}"", ""/products/{id}"", ""/cart"", ""/checkout"", ""/order/confirm""]","[0.0, 128.0, 279.0, 289.0, 469.0, 547.0, 707.0, 874.0]","[""/checkout"", ""/products/{id}"", ""/sale"", ""/cart"", ""/order/confirm"", ""/""]",0,False,0.4373136766257262,False,False,False
67a3630dbad6_3,67a3630dbad6,124.0,2,2,0.0,26833.5,"[""/"", ""/catalog/men""]","[0.0, 124.0]","[""/"", ""/catalog/men""]",3,False,0.45436114735616806,False,False,False
be8f06014c2f_1,be8f06014c2f,258.0,5,5,0.0,29211.4,"[""/"", ""/account"", ""/wishlist"", ""/products/{id}"", ""/cart""]","[0.0, 61.0, 149.0, 203.0, 258.0]","[""/wishlist"", ""/products/{id}"", ""/account"", ""/cart"", ""/""]",0,False,0.449195150528949,False,False,False
3842f7236cce_0,3842f7236cce,1314.0,166,7,0.6144578313253012,2631.5843373493976,"[""/cart"", ""/wp-admin"", ""/products/notfound"", ""/checkout"", ""/products/notfound"", ""/products/notfound"", ""/account"", ""/wp-admin"", ""/products/{id}"", ""/checkout"", ""/admin"", ""/wp-admin"", ""/admin"", ""/checkout"", ""/wp-admin"", ""/account"", ""/wp-admin"", ""/cart"", ""/products/{id}"", ""/products/notfound"", ""/products/notfound"", ""/products/notfound"", ""/cart"", ""/cart"", ""/checkout"", ""/admin"", ""/products/{id}"", ""/account"", ""/products/notfound"", ""/cart"", ""/admin"", ""/checkout"", ""/cart"", ""/products/{id}"", ""/wp-admin"", ""/cart"", ""/account"", ""/products/notfound"", ""/wp-admin"", ""/products/notfound"", ""/admin"", ""/cart"", ""/checkout"", ""/wp-admin"", ""/products/notfound"", ""/products/{id}"", ""/account"", ""/cart"", ""/products/{id}"", ""/wp-admin"", ""/products/{id}"", ""/admin"", ""/admin"", ""/products/notfound"", ""/admin"", ""/checkout"", ""/checkout"", ""/wp-admin"", ""/products/notfound"", ""/wp-admin"", ""/admin"", ""/wp-admin"", ""/cart"", ""/checkout"", ""/cart"", ""/wp-admin"", ""/products/{id}"", ""/products/notfound"", ""/wp-admin"", ""/admin"", ""/products/notfound"", ""/wp-admin"", ""/products/notfound"", ""/wp-admin"", ""/admin"", ""/admin"", ""/products/{id}"", ""/products/{id}"", ""/checkout"", ""/products/notfound"", ""/admin"", ""/cart"", ""/products/notfound"", ""/products/notfound"", ""/cart"", ""/account"", ""/wp-admin"", ""/products/{id}"", ""/wp-admin"", ""/account"", ""/products/notfound"", ""/products/notfound"", ""/products/{id}"", ""/account"", ""/checkout"", ""/products/{id}"", ""/checkout"", ""/account"", ""/admin"", ""/products/{id}"", ""/products/{id}"", ""/cart"", ""/wp-admin"", ""/wp-admin"", ""/wp-admin"", ""/cart"", ""/wp-admin"", ""/account"", ""/products/{id}"", ""/products/{id}"", ""/products/{id}"", ""/products/{id}"", ""/products/{id}"", ""/wp-admin"", ""/checkout"", ""/admin"", ""/admin"", ""/cart"", ""/admin"", ""/cart"", ""/checkout"", ""/products/notfound"", ""/checkout"", ""/admin"", ""/wp-admin"", ""/admin"", ""/checkout"", ""/cart"", ""/cart"", ""/products/{id}"", ""/checkout"", ""/wp-admin"", ""/admin"", ""/wp-admin"", ""/products/{id}"", ""/products/{id}"", ""/checkout"", ""/cart"", ""/wp-admin"", ""/products/notfound"", ""/products/notfound"", ""/cart"", ""/cart"", ""/wp-admin"", ""/wp-admin"", ""/account"", ""/account"", ""/checkout"", ""/products/{id}"", ""/wp-admin"", ""/admin"", ""/wp-admin"", ""/account"", ""/cart"", ""/products/{id}"", ""/products/{id}"", ""/checkout"", ""/cart"", ""/products/{id}"", ""/account"", ""/cart"", ""/cart"", ""/account"", ""/wp-admin"", ""/admin"", ""/checkout""]","[0.0, 3.0, 4.0, 5.0, 12.0, 23.0, 32.0, 43.0, 51.0, 57.0, 62.0, 70.0, 85.0, 92.0, 101.0, 114.0, 118.0, 122.0, 131.0, 146.0, 150.0, 158.0, 164.0, 166.0, 170.0, 177.0, 187.0, 197.0, 206.0, 211.0, 220.0, 228.0, 236.0, 247.0, 253.0, 266.0, 272.0, 287.0, 290.0, 304.0, 313.0, 326.0, 341.0, 353.0, 358.0, 359.0, 370.0, 384.0, 389.0, 395.0, 403.0, 409.0, 422.0, 426.0, 428.0, 434.0, 449.0, 463.0, 473.0, 479.0, 488.0, 502.0, 514.0, 522.0, 527.0, 534.0, 548.0, 554.0, 563.0, 573.0, 583.0, 586.0, 601.0, 614.0, 622.0, 624.0, 633.0, 634.0, 641.0, 652.0, 665.0, 669.0, 670.0, 683.0, 689.0, 694.0, 709.0, 724.0, 725.0, 732.0, 736.0, 739.0, 742.0, 754.0, 767.0, 769.0, 776.0, 790.0, 794.0, 809.0, 821.0, 824.0, 836.0, 849.0, 855.0, 858.0, 864.0, 868.0, 878.0, 879.0, 894.0, 897.0, 899.0, 907.0, 910.0, 913.0, 921.0, 925.0, 929.0, 934.0, 946.0, 957.0, 970.0, 980.0, 991.0, 992.0, 995.0, 1003.0, 1010.0, 1019.0, 1034.0, 1039.0, 1047.0, 1052.0, 1061.0, 1075.0, 1078.0, 1080.0, 1084.0, 1088.0, 1098.0, 1104.0, 1107.0, 1118.0, 1127.0, 1134.0, 1149.0, 1150.0, 1154.0, 1157.0, 1164.0, 1168.0, 1173.0, 1184.0, 1197.0, 1202.0, 1206.0, 1218.0, 1233.0, 1235.0, 1248.0, 1260.0, 1274.0, 1288.0, 1303.0, 1314.0]","[""/admin"", ""/checkout"", ""/products/notfound"", ""/products/{id}"", ""/account"", ""/cart"", ""/wp-admin""]",1,True,0.6724952583618077,True,True,True
6cedf9ce49f2_1,6cedf9ce49f2,211.0,5,5,0.0,28483.4,"[""/"", ""/account"", ""/wishlist"", ""/products/{id}"", ""/cart""]","[0.0, 16.0, 79.0, 181.0, 211.0]","[""/wishlist"", ""/products/{id}"", ""/account"", ""/cart"", ""/""]",0,False,0.4725894211248218,False,False,False
3db3348013f5_0,3db3348013f5,315.0,4,3,0.0,26903.75,"[""/"", ""/blog"", ""/blog"", ""/products/{id}""]","[0.0, 82.0, 175.0, 315.0]","[""/products/{id}"", ""/"", ""/blog""]",3,True,0.5236097502607354,False,True,False
79fecc9bd60a_0,79fecc9bd60a,360.0,6,5,0.0,20787.166666666668,"[""/"", ""/search"", ""/products/{id}"", ""/products/{id}"", ""/wishlist"", ""/catalog/women""]","[0.0, 16.0, 184.0, 238.0, 272.0, 360.0]","[""/wishlist"", ""/catalog/women"", ""/products/{id}"", ""/search"", ""/""]",0,False,0.39837562429540013,False,False,False
6011167c931f_1,6011167c931f,509.0,7,5,0.0,18515.85714285714,"[""/"", ""/catalog/women"", ""/products/{id}"", ""/products/{id}"", ""/catalog/men"", ""/products/{id}"", ""/cart""]","[0.0, 176.0, 313.0, 334.0, 397.0, 420.0, 509.0]","[""/catalog/men"", ""/catalog/women"", ""/products/{id}"", ""/cart"", ""/""]",0,False,0.3773843704469146,False,False,False
792a9b8145d8_3,792a9b8145d8,385.0,7,5,0.0,15399.285714285714,"[""/"", ""/catalog/women"", ""/products/{id}"", ""/products/{id}"", ""/catalog/men"", ""/products/{id}"", ""/cart""]","[0.0, 109.0, 138.0, 176.0, 208.0, 221.0, 385.0]","[""/catalog/men"", ""/catalog/women"", ""/products/{id}"", ""/cart"", ""/""]",0,False,0.3900018374967028,False,False,False
c7161f6174a1_1,c7161f6174a1,555.0,7,5,0.0,20399.85714285714,"[""/"", ""/catalog/women"", ""/products/{id}"", ""/products/{id}"", ""/catalog/men"", ""/products/{id}"", ""/cart""]","[0.0, 67.0, 206.0, 297.0, 321.0, 461.0, 555.0]","[""/catalog/men"", ""/catalog/women"", ""/products/{id}"", ""/cart"", ""/""]",0,False,0.38021646362757516,False,False,False
85677b2e1358_1,85677b2e1358,858.0,8,6,0.0,24115.25,"[""/"", ""/sale"", ""/products/{id}"", ""/products/{id}"", ""/products/{id}"", ""/cart"", ""/checkout"", ""/order/confirm""]","[0.0, 82.0, 194.0, 351.0, 503.0, 617.0, 683.0, 858.0]","[""/checkout"", ""/products/{id}"", ""/sale"", ""/cart"", ""/order/confirm"", ""/""]",0,False,0.42840343832319155,False,False,False
4067167790e8_3,4067167790e8,15.0,2,2,0.0,37695.5,"[""/"", ""/catalog/men""]","[0.0, 15.0]","[""/"", ""/catalog/men""]",3,False,0.5116282477840417,False,False,False
da0edf7f7baa_3,da0edf7f7baa,471.0,7,5,0.0,26186.714285714286,"[""/"", ""/catalog/women"", ""/products/{id}"", ""/products/{id}"", ""/catalog/men"", ""/products/{id}"", ""/cart""]","[0.0, 105.0, 200.0, 281.0, 316.0, 367.0, 471.0]","[""/catalog/men"", ""/catalog/women"", ""/products/{id}"", ""/cart"", ""/""]",0,False,0.3742084206632403,False,False,False
fbb4ac2b6196_2,fbb4ac2b6196,742.0,7,5,0.0,24710.14285714286,"[""/"", ""/catalog/women"", ""/products/{id}"", ""/products/{id}"", ""/catalog/men"", ""/products/{id}"", ""/cart""]","[0.0, 108.0, 190.0, 350.0, 527.0, 575.0, 742.0]","[""/catalog/men"", ""/catalog/women"", ""/products/{id}"", ""/cart"", ""/""]",0,False,0.4232161320984065,False,False,False
682866b22362_2,682866b22362,663.0,8,6,0.0,16342.375,"[""/"", ""/sale"", ""/products/{id}"", ""/products/{id}"", ""/products/{id}"", ""/cart"", ""/checkout"", ""/order/confirm""]","[0.0, 65.0, 170.0, 234.0, 388.0, 508.0, 543.0, 663.0]","[""/checkout"", ""/products/{id}"", ""/sale"", ""/cart"", ""/order/confirm"", ""/""]",0,False,0.39350886422815107,False,False,False
3770b0ff23fb_0,3770b0ff23fb,1202.0,148,7,0.6081081081081081,2500.324324324324,"[""/cart"", ""/admin"", ""/account"", ""/account"", ""/products/notfound"", ""/products/notfound"", ""/account"", ""/products/{id}"", ""/products/notfound"", ""/products/{id}"", ""/checkout"", ""/products/{id}"", ""/checkout"", ""/products/notfound"", ""/cart"", ""/checkout"", ""/checkout"", ""/checkout"", ""/admin"", ""/account"", ""/admin"", ""/wp-admin"", ""/cart"", ""/account"", ""/admin"", ""/products/{id}"", ""/cart"", ""/products/notfound"", ""/products/{id}"", ""/cart"", ""/wp-admin"", ""/cart"", ""/admin"", ""/cart"", ""/admin"", ""/admin"", ""/admin"", ""/products/notfound"", ""/cart"", ""/admin"", ""/wp-admin"", ""/products/notfound"", ""/checkout"", ""/admin"", ""/products/{id}"", ""/products/notfound"", ""/products/{id}"", ""/admin"", ""/admin"", ""/checkout"", ""/admin"", ""/admin"", ""/checkout"", ""/account"", ""/wp-admin"", ""/account"", ""/cart"", ""/products/{id}"", ""/cart"", ""/wp-admin"", ""/cart"", ""/wp-admin"", ""/products/{id}"", ""/cart"", ""/account"", ""/checkout"", ""/products/notfound"", ""/wp-admin"", ""/products/{id}"", ""/cart"", ""/admin"", ""/products/notfound"", ""/cart"", ""/admin"", ""/account"", ""/products/{id}"", ""/products/{id}"", ""/products/{id}"", ""/admin"", ""/cart"", ""/products/notfound"", ""/checkout"", ""/products/notfound"", ""/admin"", ""/checkout"", ""/checkout"", ""/products/{id}"", ""/account"", ""/products/notfound"", ""/products/{id}"", ""/admin"", ""/checkout"", ""/products/notfound"", ""/products/notfound"", ""/account"", ""/checkout"", ""/products/{id}"", ""/products/{id}"", ""/admin"", ""/products/{id}"", ""/products/notfound"", ""/admin"", ""/account"", ""/products/{id}"", ""/admin"", ""/products/{id}"", ""/products/notfound"", ""/products/{id}"", ""/admin"", ""/products/{id}"", ""/products/notfound"", ""/products/notfound"", ""/account"", ""/checkout"", ""/wp-admin"", ""/checkout"", ""/account"", ""/cart"", ""/admin"", ""/wp-admin"", ""/checkout"", ""/cart"", ""/wp-admin"", ""/admin"", ""/products/notfound"", ""/wp-admin"", ""/products/{id}"", ""/checkout"", ""/admin"", ""/checkout"", ""/products/{id}"", ""/products/{id}"", ""/products/{id}"", ""/cart"", ""/account"", ""/checkout"", ""/admin"", ""/admin"", ""/wp-admin"", ""/admin"", ""/admin"", ""/wp-admin"", ""/admin"", ""/products/notfound"", ""/admin"", ""/products/{id}"", ""/products/notfound"", ""/cart""]","[0.0, 12.0, 14.0, 17.0, 30.0, 45.0, 60.0, 66.0, 69.0, 84.0, 95.0, 101.0, 108.0, 117.0, 125.0, 137.0, 143.0, 154.0, 168.0, 175.0, 187.0, 200.0, 207.0, 216.0, 231.0, 245.0, 258.0, 260.0, 274.0, 288.0, 299.0, 300.0, 303.0, 310.0, 317.0, 331.0, 339.0, 347.0, 351.0, 355.0, 358.0, 365.0, 369.0, 378.0, 383.0, 389.0, 391.0, 397.0, 407.0, 413.0, 419.0, 422.0, 437.0, 445.0, 452.0, 459.0, 472.0, 476.0, 481.0, 484.0, 489.0, 496.0, 502.0, 512.0, 525.0, 536.0, 546.0, 552.0, 558.0, 565.0, 580.0, 593.0, 605.0, 620.0, 634.0, 640.0, 650.0, 660.0, 673.0, 681.0, 687.0, 693.0, 697.0, 709.0, 722.0, 729.0, 734.0, 736.0, 744.0, 757.0, 762.0, 765.0, 766.0, 772.0, 783.0, 794.0, 795.0, 803.0, 812.0, 818.0, 826.0, 837.0, 851.0, 855.0, 856.0, 864.0, 867.0, 880.0, 888.0, 897.0, 901.0, 913.0, 928.0, 929.0, 936.0, 942.0, 944.0, 957.0, 964.0, 968.0, 983.0, 993.0, 994.0, 998.0, 1006.0, 1014.0, 1016.0, 1030.0, 1038.0, 1040.0, 1047.0, 1052.0, 1060.0, 1075.0, 1087.0, 1099.0, 1107.0, 1109.0, 1117.0, 1118.0, 1130.0, 1131.0, 1144.0, 1158.0, 1171.0, 1176.0, 1190.0, 1202.0]","[""/admin"", ""/checkout"", ""/products/notfound"", ""/products/{id}"", ""/account"", ""/cart"", ""/wp-admin""]",1,True,0.6806398390398569,True,True,True
1a1783fc2e11_0,1a1783fc2e11,1220.0,155,7,0.6387096774193548,2473.4,"[""/admin"", ""/products/notfound"", ""/products/notfound"", ""/products/{id}"", ""/wp-admin"", ""/wp-admin"", ""/wp-admin"", ""/cart"", ""/products/{id}"", ""/admin"", ""/checkout"", ""/wp-admin"", ""/wp-admin"", ""/admin"", ""/wp-admin"", ""/checkout"", ""/checkout"", ""/admin"", ""/wp-admin"", ""/checkout"", ""/wp-admin"", ""/products/{id}"", ""/admin"", ""/cart"", ""/products/{id}"", ""/cart"", ""/cart"", ""/products/notfound"", ""/account"", ""/admin"", ""/wp-admin"", ""/account"", ""/checkout"", ""/wp-admin"", ""/account"", ""/admin"", ""/admin"", ""/account"", ""/checkout"", ""/wp-admin"", ""/admin"", ""/admin"", ""/account"", ""/account"", ""/products/notfound"", ""/account"", ""/products/{id}"", ""/admin"", ""/admin"", ""/admin"", ""/checkout"", ""/wp-admin"", ""/products/notfound"", ""/wp-admin"", ""/admin"", ""/wp-admin"", ""/checkout"", ""/wp-admin"", ""/cart"", ""/checkout"", ""/cart"", ""/wp-admin"", ""/products/notfound"", ""/products/{id}"", ""/checkout"", ""/wp-admin"", ""/cart"", ""/products/notfound"", ""/admin"", ""/wp-admin"", ""/products/notfound"", ""/checkout"", ""/cart"", ""/products/notfound"", ""/wp-admin"", ""/checkout"", ""/cart"", ""/account"", ""/products/{id}"", ""/products/notfound"", ""/wp-admin"", ""/cart"", ""/account"", ""/account"", ""/checkout"", ""/products/notfound"", ""/products/notfound"", ""/admin"", ""/products/{id}"", ""/products/notfound"", ""/products/notfound"", ""/cart"", ""/admin"", ""/products/notfound"", ""/cart"", ""/products/{id}"", ""/wp-admin"", ""/cart"", ""/admin"", ""/account"", ""/account"", ""/checkout"", ""/cart"", ""/products/{id}"", ""/products/notfound"", ""/checkout"", ""/products/{id}"", ""/products/{id}"", ""/products/notfound"", ""/products/{id}"", ""/wp-admin"", ""/products/notfound"", ""/admin"", ""/admin"", ""/checkout"", ""/checkout"", ""/cart"", ""/cart"", ""/products/{id}"", ""/products/notfound"", ""/products/notfound"", ""/account"", ""/admin"", ""/products/{id}"", ""/products/notfound"", ""/wp-admin"", ""/products/{id}"", ""/checkout"", ""/admin"", ""/account"", ""/checkout"", ""/account"", ""/account"", ""/account"", ""/account"", ""/account"", ""/account"", ""/checkout"", ""/cart"", ""/wp-admin"", ""/products/notfound"", ""/cart"", ""/admin"", ""/cart"", ""/products/notfound"", ""/account"", ""/admin"", ""/checkout"", ""/checkout"", ""/admin"", ""/products/{id}"", ""/checkout"", ""/cart"", ""/products/notfound"", ""/admin""]","[0.0, 9.0, 10.0, 20.0, 26.0, 32.0, 33.0, 44.0, 55.0, 68.0, 74.0, 79.0, 91.0, 100.0, 113.0, 127.0, 139.0, 154.0, 165.0, 179.0, 194.0, 200.0, 215.0, 228.0, 232.0, 246.0, 252.0, 266.0, 272.0, 281.0, 289.0, 293.0, 296.0, 310.0, 319.0, 329.0, 341.0, 354.0, 360.0, 366.0, 368.0, 370.0, 384.0, 392.0, 395.0, 410.0, 412.0, 422.0, 430.0, 437.0, 449.0, 456.0, 462.0, 472.0, 481.0, 485.0, 497.0, 507.0, 510.0, 513.0, 518.0, 524.0, 525.0, 527.0, 528.0, 541.0, 545.0, 547.0, 562.0, 571.0, 581.0, 594.0, 604.0, 608.0, 623.0, 625.0, 629.0, 635.0, 637.0, 652.0, 661.0, 666.0, 671.0, 679.0, 687.0, 700.0, 702.0, 711.0, 720.0, 724.0, 736.0, 742.0, 757.0, 765.0, 766.0, 781.0, 784.0, 785.0, 800.0, 804.0, 818.0, 832.0, 833.0, 835.0, 837.0, 848.0, 862.0, 876.0, 880.0, 888.0, 891.0, 895.0, 903.0, 916.0, 917.0, 932.0, 939.0, 941.0, 952.0, 966.0, 969.0, 971.0, 981.0, 982.0, 989.0, 1002.0, 1012.0, 1027.0, 1035.0, 1041.0, 1049.0, 1060.0, 1066.0, 1067.0, 1081.0, 1085.0, 1097.0, 1103.0, 1115.0, 1125.0, 1140.0, 1146.0, 1148.0, 1149.0, 1160.0, 1161.0, 1166.0, 1169.0, 1182.0, 1194.0, 1196.0, 1202.0, 1206.0, 1212.0, 1220.0]","[""/admin"", ""/checkout"", ""/products/notfound"", ""/products/{id}"", ""/account"", ""/cart"", ""/wp-admin""]",1,True,0.7155852095660676,True,True,True
c3cb2d4ccc9e_3,c3cb2d4ccc9e,402.0,6,6,0.0,18862.833333333332,"[""/"", ""/search"", ""/products/{id}"", ""/cart"", ""/checkout"", ""/order/confirm""]","[0.0, 72.0, 98.0, 242.0, 305.0, 402.0]","[""/checkout"", ""/products/{id}"", ""/cart"", ""/order/confirm"", ""/search"", ""/""]",0,False,0.39279203120069434,False,False,False
ac05c69b4b65_1,ac05c69b4b65,32.0,2,2,0.0,26704.5,"[""/"", ""/catalog/men""]","[0.0, 32.0]","[""/"", ""/catalog/men""]",3,False,0.461415730355066,False,False,False
78a088e1fd3e_2,78a088e1fd3e,775.0,7,5,0.0,24286.428571428572,"[""/"", ""/catalog/women"", ""/products/{id}"", ""/products/{id}"", ""/catalog/men"", ""/products/{id}"", ""/cart""]","[0.0, 123.0, 260.0, 425.0, 498.0, 615.0, 775.0]","[""/catalog/men"", ""/catalog/women"", ""/products/{id}"", ""/cart"", ""/""]",0,False,0.4267230471964968,False,False,False
c62a0c1bb9d7_1,c62a0c1bb9d7,81.0,2,2,0.0,22367.0,"[""/"", ""/catalog/men""]","[0.0, 81.0]","[""/"", ""/catalog/men""]",3,False,0.4277354572174585,False,False,False
045b836210a0_1,045b836210a0,545.0,6,6,0.0,21979.5,"[""/"", ""/search"", ""/products/{id}"", ""/cart"", ""/checkout"", ""/order/confirm""]","[0.0, 174.0, 227.0, 338.0, 375.0, 545.0]","[""/checkout"", ""/products/{id}"", ""/cart"", ""/order/confirm"", ""/search"", ""/""]",0,False,0.38902992825646054,False,False,False
891e8a01082b_1,891e8a01082b,398.0,6,5,0.0,28155.0,"[""/"", ""/search"", ""/products/{id}"", ""/products/{id}"", ""/wishlist"", ""/catalog/women""]","[0.0, 76.0, 113.0, 199.0, 358.0, 398.0]","[""/wishlist"", ""/catalog/women"", ""/products/{id}"", ""/search"", ""/""]",0,False,0.38588355021454734,False,False,False
3abcdb524e71_1,3abcdb524e71,479.0,7,5,0.0,27103.714285714286,"[""/"", ""/catalog/women"", ""/products/{id}"", ""/products/{id}"", ""/catalog/men"", ""/products/{id}"", ""/cart""]","[0.0, 46.0, 123.0, 238.0, 276.0, 375.0, 479.0]","[""/catalog/men"", ""/catalog/women"", ""/products/{id}"", ""/cart"", ""/""]",0,False,0.37644319195879383,False,False,False
33d82593eb2e_3,33d82593eb2e,615.0,7,5,0.14285714285714285,21819.0,"[""/"", ""/catalog/women"", ""/products/{id}"", ""/products/{id}"", ""/catalog/men"", ""/products/{id}"", ""/cart""]","[0.0, 142.0, 246.0, 330.0, 456.0, 540.0, 615.0]","[""/catalog/men"", ""/catalog/women"", ""/products/{id}"", ""/cart"", ""/""]",0,False,0.46414666863938364,False,False,False
0b56f065d060_0,0b56f065d060,516.0,7,6,0.14285714285714285,17445.571428571428,"[""/"", ""/catalog/women"", ""/products/{id}"", ""/products/{id}"", ""/cart"", ""/checkout"", ""/order/confirm""]","[0.0, 168.0, 286.0, 310.0, 464.0, 501.0, 516.0]","[""/checkout"", ""/catalog/women"", ""/products/{id}"", ""/cart"", ""/order/confirm"", ""/""]",0,False,0.4587109452944771,False,False,False
bbbfb711833e_0,bbbfb711833e,269.0,4,3,0.0,26254.25,"[""/"", ""/blog"", ""/blog"", ""/products/{id}""]","[0.0, 5.0, 182.0, 269.0]","[""/products/{id}"", ""/"", ""/blog""]",3,False,0.5117134840060611,False,False,False
e0215dc6a307_0,e0215dc6a307,295.0,5,5,0.0,15524.6,"[""/"", ""/account"", ""/wishlist"", ""/products/{id}"", ""/cart""]","[0.0, 67.0, 170.0, 184.0, 295.0]","[""/wishlist"", ""/products/{id}"", ""/account"", ""/cart"", ""/""]",0,False,0.4364010291627827,False,False,False
357fa4816975_1,357fa4816975,94.0,2,2,0.0,32627.0,"[""/"", ""/catalog/men""]","[0.0, 94.0]","[""/"", ""/catalog/men""]",3,False,0.4330869794548987,False,False,False
98a859d12aee_0,98a859d12aee,380.0,4,3,0.0,18537.5,"[""/"", ""/blog"", ""/blog"", ""/products/{id}""]","[0.0, 174.0, 227.0, 380.0]","[""/products/{id}"", ""/"", ""/blog""]",3,False,0.4977467952618906,False,False,False
2fd2ad8b01ab_0,2fd2ad8b01ab,389.0,7,5,0.0,16545.0,"[""/"", ""/catalog/women"", ""/products/{id}"", ""/products/{id}"", ""/catalog/men"", ""/products/{id}"", ""/cart""]","[0.0, 7.0, 145.0, 192.0, 227.0, 317.0, 389.0]","[""/catalog/men"", ""/catalog/women"", ""/products/{id}"", ""/cart"", ""/""]",0,False,0.38766047682479665,False,False,False
6c66d8beba49_0,6c66d8beba49,641.0,6,5,0.0,26299.166666666668,"[""/"", ""/search"", ""/products/{id}"", ""/products/{id}"", ""/wishlist"", ""/catalog/women""]","[0.0, 80.0, 122.0, 301.0, 462.0, 641.0]","[""/wishlist"", ""/catalog/women"", ""/products/{id}"", ""/search"", ""/""]",0,False,0.42281322098642193,False,False,False
77f0f7093eba_1,77f0f7093eba,510.0,6,5,0.0,28200.5,"[""/"", ""/search"", ""/products/{id}"", ""/products/{id}"", ""/wishlist"", ""/catalog/women""]","[0.0, 52.0, 226.0, 367.0, 387.0, 510.0]","[""/wishlist"", ""/catalog/women"", ""/products/{id}"", ""/search"", ""/""]",0,False,0.39503298509683304,False,False,False
285c309485f1_2,285c309485f1,47.0,2,2,0.0,15709.0,"[""/"", ""/catalog/men""]","[0.0, 47.0]","[""/"", ""/catalog/men""]",3,False,0.4556022128266033,False,False,False
caa941335aeb_0,caa941335aeb,60.0,2,2,0.0,19806.5,"[""/"", ""/catalog/men""]","[0.0, 60.0]","[""/"", ""/catalog/men""]",3,False,0.4586484326472467,False,False,False
aaca26582bd7_0,aaca26582bd7,1335.0,176,7,0.6136363636363636,2596.9829545454545,"[""/admin"", ""/cart"", ""/wp-admin"", ""/wp-admin"", ""/admin"", ""/products/{id}"", ""/admin"", ""/products/{id}"", ""/products/notfound"", ""/admin"", ""/cart"", ""/cart"", ""/account"", ""/cart"", ""/cart"", ""/products/{id}"", ""/checkout"", ""/account"", ""/products/notfound"", ""/products/{id}"", ""/cart"", ""/products/notfound"", ""/admin"", ""/products/{id}"", ""/cart"", ""/products/notfound"", ""/products/{id}"", ""/cart"", ""/admin"", ""/products/notfound"", ""/wp-admin"", ""/admin"", ""/cart"", ""/products/{id}"", ""/cart"", ""/account"", ""/account"", ""/wp-admin"", ""/wp-admin"", ""/account"", ""/admin"", ""/wp-admin"", ""/wp-admin"", ""/checkout"", ""/wp-admin"", ""/products/{id}"", ""/admin"", ""/checkout"", ""/products/notfound"", ""/account"", ""/products/{id}"", ""/account"", ""/checkout"", ""/account"", ""/checkout"", ""/products/{id}"", ""/products/{id}"", ""/admin"", ""/checkout"", ""/products/{id}"", ""/account"", ""/products/{id}"", ""/account"", ""/checkout"", ""/admin"", ""/checkout"", ""/checkout"", ""/products/notfound"", ""/products/notfound"", ""/account"", ""/account"", ""/products/{id}"", ""/products/notfound"", ""/products/notfound"", ""/cart"", ""/account"", ""/wp-admin"", ""/wp-admin"", ""/wp-admin"", ""/admin"", ""/products/notfound"", ""/admin"", ""/admin"", ""/products/notfound"", ""/cart"", ""/cart"", ""/account"", ""/account"", ""/checkout"", ""/account"", ""/wp-admin"", ""/admin"", ""/checkout"", ""/checkout"", ""/account"", ""/checkout"", ""/products/notfound"", ""/cart"", ""/cart"", ""/admin"", ""/admin"", ""/admin"", ""/account"", ""/products/notfound"", ""/wp-admin"", ""/products/notfound"", ""/products/{id}"", ""/admin"", ""/wp-admin"", ""/admin"", ""/products/{id}"", ""/account"", ""/checkout"", ""/admin"", ""/account"", ""/admin"", ""/products/{id}"", ""/wp-admin"", ""/products/notfound"", ""/admin"", ""/wp-admin"", ""/checkout"", ""/wp-admin"", ""/wp-admin"", ""/checkout"", ""/products/notfound"", ""/wp-admin"", ""/checkout"", ""/products/notfound"", ""/products/notfound"", ""/checkout"", ""/checkout"", ""/products/notfound"", ""/cart"", ""/checkout"", ""/products/notfound"", ""/products/{id}"", ""/account"", ""/products/{id}"", ""/admin"", ""/products/{id}"", ""/account"", ""/account"", ""/checkout"", ""/products/{id}"", ""/products/notfound"", ""/wp-admin"", ""/cart"", ""/checkout"", ""/admin"", ""/account"", ""/account"", ""/wp-admin"", ""/checkout"", ""/checkout"", ""/cart"", ""/admin"", ""/products/{id}"", ""/products/{id}"", ""/products/notfound"", ""/wp-admin"", ""/account"", ""/cart"", ""/products/{id}"", ""/products/notfound"", ""/wp-admin"", ""/checkout"", ""/wp-admin"", ""/products/notfound"", ""/account"", ""/checkout"", ""/cart"", ""/products/{id}"", ""/products/notfound"", ""/admin"", ""/products/notfound""]","[0.0, 9.0, 14.0, 16.0, 22.0, 34.0, 38.0, 42.0, 55.0, 67.0, 69.0, 77.0, 79.0, 93.0, 105.0, 108.0, 116.0, 118.0, 127.0, 132.0, 144.0, 147.0, 154.0, 156.0, 166.0, 171.0, 178.0, 186.0, 197.0, 199.0, 211.0, 214.0, 220.0, 227.0, 242.0, 252.0, 266.0, 276.0, 279.0, 292.0, 301.0, 309.0, 324.0, 332.0, 335.0, 341.0, 347.0, 358.0, 373.0, 388.0, 393.0, 407.0, 420.0, 428.0, 433.0, 446.0, 451.0, 458.0, 463.0, 474.0, 486.0, 491.0, 495.0, 510.0, 520.0, 523.0, 527.0, 542.0, 544.0, 553.0, 560.0, 561.0, 574.0, 584.0, 597.0, 605.0, 606.0, 612.0, 624.0, 635.0, 644.0, 647.0, 652.0, 665.0, 667.0, 676.0, 677.0, 682.0, 696.0, 710.0, 713.0, 716.0, 724.0, 734.0, 741.0, 744.0, 751.0, 752.0, 757.0, 761.0, 763.0, 769.0, 774.0, 781.0, 793.0, 796.0, 806.0, 810.0, 816.0, 818.0, 833.0, 834.0, 849.0, 856.0, 860.0, 864.0, 877.0, 881.0, 887.0, 893.0, 901.0, 910.0, 924.0, 935.0, 938.0, 942.0, 946.0, 948.0, 952.0, 962.0, 972.0, 978.0, 981.0, 996.0, 1011.0, 1021.0, 1026.0, 1030.0, 1031.0, 1040.0, 1049.0, 1061.0, 1064.0, 1070.0, 1074.0, 1081.0, 1095.0, 1098.0, 1104.0, 1112.0, 1121.0, 1136.0, 1149.0, 1164.0, 1166.0, 1171.0, 1175.0, 1181.0, 1192.0, 1197.0, 1198.0, 1199.0, 1203.0, 1204.0, 1219.0, 1234.0, 1247.0, 1261.0, 1274.0, 1288.0, 1301.0, 1309.0, 1322.0, 1327.0, 1333.0, 1335.0]","[""/admin"", ""/checkout"", ""/products/notfound"", ""/products/{id}"", ""/account"", ""/cart"", ""/wp-admin""]",1,True,0.7119221958753859,True,True,True
5bbac1c2283d_3,5bbac1c2283d,362.0,6,5,0.0,26597.333333333332,"[""/"", ""/search"", ""/products/{id}"", ""/products/{id}"", ""/wishlist"", ""/catalog/women""]","[0.0, 120.0, 188.0, 224.0, 262.0, 362.0]","[""/wishlist"", ""/catalog/women"", ""/products/{id}"", ""/search"", ""/""]",0,False,0.3969555286296382,False,False,False
16ed3ceddc0f_0,16ed3ceddc0f,448.0,7,5,0.0,15145.857142857143,"[""/"", ""/catalog/women"", ""/products/{id}"", ""/products/{id}"", ""/catalog/men"", ""/products/{id}"", ""/cart""]","[0.0, 111.0, 198.0, 304.0, 336.0, 344.0, 448.0]","[""/catalog/men"", ""/catalog/women"", ""/products/{id}"", ""/cart"", ""/""]",0,False,0.37799497091358697,False,False,False
5a70b6a8634d_2,5a70b6a8634d,86.0,2,2,0.0,19160.0,"[""/"", ""/catalog/men""]","[0.0, 86.0]","[""/"", ""/catalog/men""]",3,False,0.4254169574074556,False,False,False
adc08e8819a2_0,adc08e8819a2,756.0,98,7,0.5408163265306123,2559.4285714285716,"[""/admin"", ""/products/notfound"", ""/admin"", ""/products/{id}"", ""/products/notfound"", ""/wp-admin"", ""/products/{id}"", ""/products/{id}"", ""/admin"", ""/checkout"", ""/products/notfound"", ""/admin"", ""/cart"", ""/wp-admin"", ""/products/{id}"", ""/checkout"", ""/wp-admin"", ""/products/{id}"", ""/account"", ""/products/{id}"", ""/checkout"", ""/admin"", ""/products/{id}"", ""/admin"", ""/wp-admin"", ""/admin"", ""/account"", ""/products/notfound"", ""/account"", ""/products/{id}"", ""/cart"", ""/products/notfound"", ""/account"", ""/admin"", ""/checkout"", ""/account"", ""/products/notfound"", ""/wp-admin"", ""/products/{id}"", ""/products/{id}"", ""/cart"", ""/cart"", ""/account"", ""/admin"", ""/account"", ""/products/{id}"", ""/account"", ""/products/{id}"", ""/admin"", ""/account"", ""/products/{id}"", ""/checkout"", ""/products/{id}"", ""/admin"", ""/wp-admin"", ""/wp-admin"", ""/cart"", ""/wp-admin"", ""/wp-admin"", ""/products/{id}"", ""/wp-admin"", ""/account"", ""/wp-admin"", ""/account"", ""/account"", ""/admin"", ""/checkout"", ""/account"", ""/wp-admin"", ""/checkout"", ""/products/notfound"", ""/products/notfound"", ""/account"", ""/products/notfound"", ""/checkout"", ""/checkout"", ""/products/notfound"", ""/products/notfound"", ""/admin"", ""/cart"", ""/products/notfound"", ""/cart"", ""/cart"", ""/checkout"", ""/products/notfound"", ""/products/notfound"", ""/products/{id}"", ""/account"", ""/products/notfound"", ""/account"", ""/account"", ""/cart"", ""/checkout"", ""/wp-admin"", ""/admin"", ""/products/notfound"", ""/cart"", ""/products/notfound""]","[0.0, 7.0, 13.0, 27.0, 37.0, 51.0, 53.0, 54.0, 69.0, 77.0, 86.0, 90.0, 94.0, 106.0, 114.0, 118.0, 129.0, 130.0, 132.0, 138.0, 144.0, 154.0, 165.0, 166.0, 179.0, 189.0, 196.0, 204.0, 216.0, 220.0, 233.0, 234.0, 249.0, 257.0, 268.0, 276.0, 277.0, 288.0, 296.0, 309.0, 315.0, 317.0, 318.0, 319.0, 321.0, 330.0, 345.0, 360.0, 370.0, 376.0, 386.0, 390.0, 391.0, 393.0, 394.0, 408.0, 416.0, 425.0, 436.0, 444.0, 455.0, 469.0, 470.0, 481.0, 493.0, 508.0, 512.0, 519.0, 531.0, 536.0, 541.0, 555.0, 567.0, 573.0, 578.0, 587.0, 602.0, 606.0, 611.0, 624.0, 636.0, 646.0, 657.0, 660.0, 672.0, 675.0, 682.0, 697.0, 707.0, 712.0, 722.0, 724.0, 725.0, 730.0, 734.0, 736.0, 743.0, 756.0]","[""/admin"", ""/checkout"", ""/products/notfound"", ""/products/{id}"", ""/account"", ""/cart"", ""/wp-admin""]",1,True,0.7125040063904429,True,True,True
7304def69902_0,7304def69902,1109.0,139,7,0.5539568345323741,2478.3021582733813,"[""/checkout"", ""/products/{id}"", ""/products/{id}"", ""/checkout"", ""/cart"", ""/admin"", ""/products/notfound"", ""/products/{id}"", ""/admin"", ""/products/notfound"", ""/account"", ""/checkout"", ""/checkout"", ""/checkout"", ""/products/notfound"", ""/cart"", ""/wp-admin"", ""/cart"", ""/account"", ""/products/notfound"", ""/admin"", ""/wp-admin"", ""/products/notfound"", ""/cart"", ""/checkout"", ""/account"", ""/checkout"", ""/admin"", ""/cart"", ""/cart"", ""/products/notfound"", ""/products/{id}"", ""/products/notfound"", ""/account"", ""/wp-admin"", ""/cart"", ""/products/{id}"", ""/account"", ""/admin"", ""/products/notfound"", ""/products/{id}"", ""/admin"", ""/admin"", ""/products/{id}"", ""/admin"", ""/cart"", ""/cart"", ""/products/notfound"", ""/account"", ""/wp-admin"", ""/checkout"", ""/checkout"", ""/account"", ""/products/notfound"", ""/cart"", ""/wp-admin"", ""/products/notfound"", ""/checkout"", ""/products/notfound"", ""/admin"", ""/account"", ""/checkout"", ""/checkout"", ""/admin"", ""/products/{id}"", ""/wp-admin"", ""/cart"", ""/admin"", ""/wp-admin"", ""/cart"", ""/products/{id}"", ""/admin"", ""/products/notfound"", ""/account"", ""/wp-admin"", ""/account"", ""/products/notfound"", ""/wp-admin"", ""/cart"", ""/checkout"", ""/admin"", ""/products/notfound"", ""/checkout"", ""/checkout"", ""/account"", ""/admin"", ""/account"", ""/wp-admin"", ""/products/{id}"", ""/products/{id}"", ""/wp-admin"", ""/products/notfound"", ""/wp-admin"", ""/checkout"", ""/products/{id}"", ""/products/{id}"", ""/checkout"", ""/products/{id}"", ""/admin"", ""/products/{id}"", ""/admin"", ""/cart"", ""/account"", ""/account"", ""/account"", ""/products/notfound"", ""/products/notfound"", ""/checkout"", ""/products/notfound"", ""/account"", ""/checkout"", ""/cart"", ""/products/{id}"", ""/products/{id}"", ""/admin"", ""/admin"", ""/checkout"", ""/products/notfound"", ""/admin"", ""/products/{id}"", ""/wp-admin"", ""/cart"", ""/account"", ""/admin"", ""/checkout"", ""/products/notfound"", ""/cart"", ""/products/notfound"", ""/checkout"", ""/admin"", ""/cart"", ""/admin"", ""/checkout"", ""/products/{id}"", ""/checkout"", ""/wp-admin"", ""/checkout"", ""/products/notfound"", ""/products/{id}""]","[0.0, 4.0, 9.0, 22.0, 26.0, 30.0, 44.0, 56.0, 61.0, 70.0, 72.0, 76.0, 78.0, 88.0, 96.0, 97.0, 99.0, 112.0, 113.0, 115.0, 126.0, 140.0, 151.0, 155.0, 159.0, 171.0, 177.0, 192.0, 200.0, 215.0, 226.0, 232.0, 241.0, 256.0, 263.0, 275.0, 276.0, 291.0, 303.0, 318.0, 330.0, 338.0, 343.0, 355.0, 365.0, 371.0, 376.0, 377.0, 382.0, 385.0, 392.0, 394.0, 399.0, 404.0, 415.0, 429.0, 444.0, 452.0, 459.0, 464.0, 472.0, 477.0, 489.0, 494.0, 506.0, 512.0, 523.0, 537.0, 540.0, 545.0, 554.0, 563.0, 575.0, 579.0, 594.0, 605.0, 615.0, 619.0, 627.0, 630.0, 642.0, 656.0, 657.0, 658.0, 665.0, 670.0, 675.0, 684.0, 687.0, 700.0, 715.0, 726.0, 730.0, 735.0, 744.0, 757.0, 758.0, 769.0, 783.0, 797.0, 798.0, 800.0, 813.0, 818.0, 829.0, 833.0, 848.0, 856.0, 864.0, 877.0, 879.0, 881.0, 891.0, 900.0, 907.0, 908.0, 922.0, 935.0, 941.0, 955.0, 962.0, 974.0, 975.0, 983.0, 990.0, 1002.0, 1012.0, 1025.0, 1033.0, 1036.0, 1042.0, 1043.0, 1052.0, 1062.0, 1077.0, 1082.0, 1092.0, 1107.0, 1109.0]","[""/admin"", ""/checkout"", ""/products/notfound"", ""/products/{id}"", ""/account"", ""/cart"", ""/wp-admin""]",1,True,0.7047335832265521,True,True,True
2ea02c157af6_2,2ea02c157af6,300.0,7,6,0.0,13903.285714285714,"[""/"", ""/catalog/women"", ""/products/{id}"", ""/products/{id}"", ""/cart"", ""/checkout"", ""/order/confirm""]","[0.0, 12.0, 73.0, 136.0, 161.0, 185.0, 300.0]","[""/checkout"", ""/catalog/women"", ""/products/{id}"", ""/cart"", ""/order/confirm"", ""/""]",0,False,0.4230901425071808,False,False,False
897be78c6f15_1,897be78c6f15,781.0,7,6,0.0,28255.285714285714,"[""/"", ""/catalog/women"", ""/products/{id}"", ""/products/{id}"", ""/cart"", ""/checkout"", ""/order/confirm""]","[0.0, 71.0, 196.0, 351.0, 486.0, 619.0, 781.0]","[""/checkout"", ""/catalog/women"", ""/products/{id}"", ""/cart"", ""/order/confirm"", ""/""]",0,False,0.4001615285896611,False,False,False
5b4872435603_1,5b4872435603,698.0,8,6,0.0,22629.125,"[""/"", ""/sale"", ""/products/{id}"", ""/products/{id}"", ""/products/{id}"", ""/cart"", ""/checkout"", ""/order/confirm""]","[0.0, 180.0, 269.0, 319.0, 382.0, 548.0, 557.0, 698.0]","[""/checkout"", ""/products/{id}"", ""/sale"", ""/cart"", ""/order/confirm"", ""/""]",0,False,0.39328364936325,False,False,False
a68afa0927b2_1,a68afa0927b2,274.0,4,3,0.0,29071.5,"[""/"", ""/blog"", ""/blog"", ""/products/{id}""]","[0.0, 73.0, 198.0, 274.0]","[""/products/{id}"", ""/"", ""/blog""]",3,False,0.514335924465913,False,False,False
b62561844652_0,b62561844652,594.0,7,5,0.0,24248.571428571428,"[""/"", ""/catalog/women"", ""/products/{id}"", ""/products/{id}"", ""/catalog/men"", ""/products/{id}"", ""/cart""]","[0.0, 180.0, 318.0, 464.0, 496.0, 525.0, 594.0]","[""/catalog/men"", ""/catalog/women"", ""/products/{id}"", ""/cart"", ""/""]",0,False,0.3829103927881712,False,False,False
ae0d617653fb_3,ae0d617653fb,76.0,2,2,0.0,23496.5,"[""/"", ""/catalog/men""]","[0.0, 76.0]","[""/"", ""/catalog/men""]",3,False,0.4254862698993574,False,False,False
cdff2204e1b3_0,cdff2204e1b3,820.0,106,7,0.6037735849056604,2698.688679245283,"[""/products/notfound"", ""/wp-admin"", ""/cart"", ""/cart"", ""/account"", ""/cart"", ""/account"", ""/products/{id}"", ""/account"", ""/products/{id}"", ""/products/notfound"", ""/products/notfound"", ""/cart"", ""/cart"", ""/products/{id}"", ""/account"", ""/checkout"", ""/account"", ""/checkout"", ""/cart"", ""/products/notfound"", ""/account"", ""/products/{id}"", ""/products/{id}"", ""/checkout"", ""/cart"", ""/cart"", ""/checkout"", ""/cart"", ""/products/{id}"", ""/products/notfound"", ""/admin"", ""/cart"", ""/wp-admin"", ""/products/{id}"", ""/cart"", ""/products/notfound"", ""/cart"", ""/products/{id}"", ""/account"", ""/products/notfound"", ""/account"", ""/wp-admin"", ""/wp-admin"", ""/products/notfound"", ""/account"", ""/account"", ""/wp-admin"", ""/admin"", ""/products/{id}"", ""/account"", ""/account"", ""/admin"", ""/checkout"", ""/products/{id}"", ""/products/notfound"", ""/checkout"", ""/products/{id}"", ""/products/{id}"", ""/account"", ""/checkout"", ""/account"", ""/products/{id}"", ""/products/{id}"", ""/checkout"", ""/cart"", ""/checkout"", ""/products/{id}"", ""/account"", ""/products/notfound"", ""/cart"", ""/wp-admin"", ""/admin"", ""/wp-admin"", ""/checkout"", ""/admin"", ""/admin"", ""/cart"", ""/checkout"", ""/products/{id}"", ""/products/{id}"", ""/cart"", ""/admin"", ""/account"", ""/cart"", ""/products/{id}"", ""/account"", ""/checkout"", ""/products/notfound"", ""/checkout"", ""/products/notfound"", ""/products/{id}"", ""/account"", ""/products/{id}"", ""/checkout"", ""/admin"", ""/checkout"", ""/products/notfound"", ""/account"", ""/products/notfound"", ""/cart"", ""/products/{id}"", ""/products/{id}"", ""/admin"", ""/checkout"", ""/wp-admin""]","[0.0, 2.0, 6.0, 21.0, 25.0, 33.0, 40.0, 54.0, 58.0, 64.0, 78.0, 90.0, 93.0, 100.0, 107.0, 111.0, 118.0, 125.0, 131.0, 139.0, 150.0, 164.0, 166.0, 167.0, 175.0, 180.0, 189.0, 199.0, 214.0, 224.0, 238.0, 247.0, 262.0, 276.0, 285.0, 286.0, 300.0, 304.0, 307.0, 308.0, 319.0, 334.0, 340.0, 343.0, 347.0, 349.0, 350.0, 354.0, 362.0, 366.0, 371.0, 377.0, 381.0, 387.0, 402.0, 416.0, 418.0, 421.0, 426.0, 432.0, 438.0, 448.0, 461.0, 473.0, 488.0, 500.0, 502.0, 503.0, 510.0, 517.0, 518.0, 530.0, 545.0, 556.0, 570.0, 585.0, 588.0, 601.0, 609.0, 617.0, 630.0, 634.0, 649.0, 656.0, 658.0, 671.0, 674.0, 680.0, 695.0, 709.0, 715.0, 729.0, 732.0, 747.0, 748.0, 759.0, 762.0, 764.0, 777.0, 779.0, 781.0, 784.0, 796.0, 807.0, 813.0, 820.0]","[""/admin"", ""/checkout"", ""/products/notfound"", ""/products/{id}"", ""/account"", ""/cart"", ""/wp-admin""]",1,True,0.7066434187908116,True,True,True
6a2aaf7ca64d_2,6a2aaf7ca64d,121.0,2,2,0.0,14284.0,"[""/"", ""/catalog/men""]","[0.0, 121.0]","[""/"", ""/catalog/men""]",3,False,0.4484394765188532,False,False,False
72c0a3a32133_0,72c0a3a32133,349.0,6,6,0.0,16182.666666666666,"[""/"", ""/search"", ""/products/{id}"", ""/cart"", ""/checkout"", ""/order/confirm""]","[0.0, 97.0, 177.0, 289.0, 308.0, 349.0]","[""/checkout"", ""/products/{id}"", ""/cart"", ""/order/confirm"", ""/search"", ""/""]",0,False,0.4162716560315843,False,False,False
3eaef9da59ed_2,3eaef9da59ed,275.0,5,5,0.0,24675.2,"[""/"", ""/account"", ""/wishlist"", ""/products/{id}"", ""/cart""]","[0.0, 7.0, 77.0, 158.0, 275.0]","[""/wishlist"", ""/products/{id}"", ""/account"", ""/cart"", ""/""]",0,False,0.4419557409281449,False,False,False
d08ad68260b3_3,d08ad68260b3,853.0,8,6,0.0,21817.25,"[""/"", ""/sale"", ""/products/{id}"", ""/products/{id}"", ""/products/{id}"", ""/cart"", ""/checkout"", ""/order/confirm""]","[0.0, 104.0, 276.0, 440.0, 615.0, 660.0, 771.0, 853.0]","[""/checkout"", ""/products/{id}"", ""/sale"", ""/cart"", ""/order/confirm"", ""/""]",0,False,0.42245918909642866,False,False,False
454f8b6b20f7_3,454f8b6b20f7,91.0,2,2,0.0,25528.5,"[""/"", ""/catalog/men""]","[0.0, 91.0]","[""/"", ""/catalog/men""]",3,False,0.4294261277403064,False,False,False
b93864eafd1c_2,b93864eafd1c,435.0,7,5,0.0,21182.285714285714,"[""/"", ""/catalog/women"", ""/products/{id}"", ""/products/{id}"", ""/catalog/men"", ""/products/{id}"", ""/cart""]","[0.0, 143.0, 169.0, 287.0, 331.0, 404.0, 435.0]","[""/catalog/men"", ""/catalog/women"", ""/products/{id}"", ""/cart"", ""/""]",0,False,0.3798472247310641,False,False,False
5f9519251245_2,5f9519251245,569.0,7,5,0.0,21318.14285714286,"[""/"", ""/catalog/women"", ""/products/{id}"", ""/products/{id}"", ""/catalog/men"", ""/products/{id}"", ""/cart""]","[0.0, 46.0, 116.0, 258.0, 425.0, 525.0, 569.0]","[""/catalog/men"", ""/catalog/women"", ""/products/{id}"", ""/cart"", ""/""]",0,False,0.3844269842844241,False,False,False
22a637ab930f_1,22a637ab930f,137.0,2,2,0.0,17291.5,"[""/"", ""/catalog/men""]","[0.0, 137.0]","[""/"", ""/catalog/men""]",3,False,0.4579429713530403,False,False,False
88bd10e211c7_2,88bd10e211c7,416.0,7,5,0.0,14379.142857142857,"[""/"", ""/catalog/women"", ""/products/{id}"", ""/products/{id}"", ""/catalog/men"", ""/products/{id}"", ""/cart""]","[0.0, 23.0, 153.0, 169.0, 177.0, 260.0, 416.0]","[""/catalog/men"", ""/catalog/women"", ""/products/{id}"", ""/cart"", ""/""]",0,False,0.3841147186024012,False,False,False
8221276c8517_0,8221276c8517,1314.0,162,7,0.6049382716049383,2473.9691358024693,"[""/checkout"", ""/wp-admin"", ""/products/{id}"", ""/cart"", ""/products/{id}"", ""/checkout"", ""/account"", ""/wp-admin"", ""/cart"", ""/wp-admin"", ""/admin"", ""/cart"", ""/wp-admin"", ""/account"", ""/checkout"", ""/checkout"", ""/products/notfound"", ""/admin"", ""/checkout"", ""/wp-admin"", ""/account"", ""/products/{id}"", ""/wp-admin"", ""/products/{id}"", ""/wp-admin"", ""/checkout"", ""/products/notfound"", ""/admin"", ""/wp-admin"", ""/products/{id}"", ""/admin"", ""/checkout"", ""/account"", ""/products/{id}"", ""/cart"", ""/wp-admin"", ""/admin"", ""/admin"", ""/account"", ""/products/notfound"", ""/checkout"", ""/admin"", ""/products/notfound"", ""/products/{id}"", ""/products/notfound"", ""/cart"", ""/products/{id}"", ""/account"", ""/account"", ""/products/notfound"", ""/checkout"", ""/cart"", ""/cart"", ""/products/notfound"", ""/products/notfound"", ""/account"", ""/products/notfound"", ""/cart"", ""/account"", ""/cart"", ""/cart"", ""/cart"", ""/wp-admin"", ""/cart"", ""/checkout"", ""/account"", ""/products/{id}"", ""/products/notfound"", ""/admin"", ""/wp-admin"", ""/wp-admin"", ""/checkout"", ""/products/notfound"", ""/cart"", ""/checkout"", ""/products/notfound"", ""/admin"", ""/cart"", ""/admin"", ""/account"", ""/account"", ""/wp-admin"", ""/admin"", ""/cart"", ""/products/{id}"", ""/checkout"", ""/products/notfound"", ""/wp-admin"", ""/account"", ""/cart"", ""/products/notfound"", ""/account"", ""/account"", ""/checkout"", ""/cart"", ""/checkout"", ""/checkout"", ""/cart"", ""/admin"", ""/checkout"", ""/products/notfound"", ""/products/{id}"", ""/admin"", ""/products/{id}"", ""/wp-admin"", ""/products/notfound"", ""/products/notfound"", ""/checkout"", ""/checkout"", ""/admin"", ""/admin"", ""/products/{id}"", ""/account"", ""/cart"", ""/products/notfound"", ""/admin"", ""/products/notfound"", ""/wp-admin"", ""/cart"", ""/checkout"", ""/products/notfound"", ""/checkout"", ""/products/{id}"", ""/products/notfound"", ""/products/notfound"", ""/cart"", ""/cart"", ""/cart"", ""/checkout"", ""/checkout"", ""/products/notfound"", ""/account"", ""/cart"", ""/products/{id}"", ""/admin"", ""/account"", ""/cart"", ""/products/{id}"", ""/admin"", ""/products/notfound"", ""/account"", ""/admin"", ""/products/{id}"", ""/account"", ""/account"", ""/wp-admin"", ""/admin"", ""/admin"", ""/products/{id}"", ""/products/{id}"", ""/account"", ""/wp-admin"", ""/admin"", ""/products/{id}"", ""/admin"", ""/cart"", ""/products/{id}"", ""/wp-admin"", ""/admin"", ""/products/notfound"", ""/cart"", ""/products/notfound""]","[0.0, 10.0, 14.0, 16.0, 22.0, 29.0, 33.0, 39.0, 41.0, 53.0, 61.0, 72.0, 86.0, 90.0, 94.0, 104.0, 119.0, 120.0, 132.0, 146.0, 156.0, 169.0, 181.0, 188.0, 194.0, 205.0, 220.0, 229.0, 231.0, 243.0, 248.0, 259.0, 261.0, 271.0, 274.0, 287.0, 295.0, 309.0, 314.0, 319.0, 333.0, 338.0, 346.0, 354.0, 361.0, 367.0, 376.0, 381.0, 390.0, 396.0, 411.0, 425.0, 431.0, 434.0, 442.0, 454.0, 466.0, 471.0, 473.0, 480.0, 495.0, 508.0, 510.0, 518.0, 522.0, 526.0, 529.0, 531.0, 546.0, 558.0, 561.0, 574.0, 584.0, 595.0, 608.0, 622.0, 637.0, 641.0, 647.0, 652.0, 653.0, 664.0, 670.0, 673.0, 684.0, 691.0, 701.0, 713.0, 715.0, 729.0, 734.0, 741.0, 755.0, 760.0, 769.0, 770.0, 780.0, 792.0, 794.0, 801.0, 816.0, 822.0, 829.0, 836.0, 848.0, 861.0, 871.0, 883.0, 896.0, 901.0, 916.0, 923.0, 928.0, 930.0, 934.0, 944.0, 951.0, 957.0, 971.0, 982.0, 984.0, 988.0, 996.0, 999.0, 1012.0, 1019.0, 1021.0, 1031.0, 1040.0, 1055.0, 1066.0, 1070.0, 1084.0, 1091.0, 1104.0, 1111.0, 1121.0, 1123.0, 1126.0, 1127.0, 1141.0, 1144.0, 1147.0, 1157.0, 1161.0, 1174.0, 1178.0, 1190.0, 1198.0, 1213.0, 1225.0, 1230.0, 1236.0, 1243.0, 1256.0, 1267.0, 1271.0, 1279.0, 1285.0, 1297.0, 1310.0, 1314.0]","[""/admin"", ""/checkout"", ""/products/notfound"", ""/products/{id}"", ""/account"", ""/cart"", ""/wp-admin""]",1,True,0.6738616478796379,True,True,True
689014c196a8_0,689014c196a8,333.0,4,4,0.0,26097.0,"[""/"", ""/faq"", ""/contacts"", ""/returns""]","[0.0, 102.0, 267.0, 333.0]","[""/returns"", ""/contacts"", ""/faq"", ""/""]",0,True,0.5348146087279901,False,True,False
608bc34564b6_3,608bc34564b6,473.0,6,6,0.16666666666666666,27846.5,"[""/"", ""/search"", ""/products/{id}"", ""/cart"", ""/checkout"", ""/order/confirm""]","[0.0, 148.0, 310.0, 383.0, 467.0, 473.0]","[""/checkout"", ""/products/{id}"", ""/cart"", ""/order/confirm"", ""/search"", ""/""]",0,False,0.5073990802111787,False,False,False
b28e5e9e7916_2,b28e5e9e7916,140.0,2,2,0.0,38100.0,"[""/"", ""/catalog/men""]","[0.0, 140.0]","[""/"", ""/catalog/men""]",3,False,0.45374304666976584,False,False,False
a8be526a6550_3,a8be526a6550,502.0,7,6,0.0,23608.428571428572,"[""/"", ""/catalog/women"", ""/products/{id}"", ""/products/{id}"", ""/cart"", ""/checkout"", ""/order/confirm""]","[0.0, 159.0, 212.0, 294.0, 329.0, 396.0, 502.0]","[""/checkout"", ""/catalog/women"", ""/products/{id}"", ""/cart"", ""/order/confirm"", ""/""]",0,False,0.37090887401575195,False,False,False
29fbbfff179c_0,29fbbfff179c,463.0,7,5,0.0,25733.714285714286,"[""/"", ""/catalog/women"", ""/products/{id}"", ""/products/{id}"", ""/catalog/men"", ""/products/{id}"", ""/cart""]","[0.0, 141.0, 173.0, 279.0, 300.0, 429.0, 463.0]","[""/catalog/men"", ""/catalog/women"", ""/products/{id}"", ""/cart"", ""/""]",0,False,0.37553016407861634,False,False,False
01d62f53499e_2,01d62f53499e,422.0,6,6,0.0,30180.333333333332,"[""/"", ""/search"", ""/products/{id}"", ""/cart"", ""/checkout"", ""/order/confirm""]","[0.0, 177.0, 191.0, 313.0, 403.0, 422.0]","[""/checkout"", ""/products/{id}"", ""/cart"", ""/order/confirm"", ""/search"", ""/""]",0,False,0.3913924348061798,False,False,False
250fcaca2356_3,250fcaca2356,120.0,2,2,0.0,20785.0,"[""/"", ""/catalog/men""]","[0.0, 120.0]","[""/"", ""/catalog/men""]",3,False,0.4476711743964596,False,False,False
817370d29fff_2,817370d29fff,433.0,6,5,0.0,19923.833333333332,"[""/"", ""/search"", ""/products/{id}"", ""/products/{id}"", ""/wishlist"", ""/catalog/women""]","[0.0, 147.0, 178.0, 206.0, 285.0, 433.0]","[""/wishlist"", ""/catalog/women"", ""/products/{id}"", ""/search"", ""/""]",0,False,0.38223366337983933,False,False,False
55e6219415ae_0,55e6219415ae,74.0,2,2,0.0,31160.0,"[""/"", ""/catalog/men""]","[0.0, 74.0]","[""/"", ""/catalog/men""]",3,False,0.42656266622664507,False,False,False
f766a55429a4_0,f766a55429a4,660.0,6,5,0.0,33207.5,"[""/"", ""/search"", ""/products/{id}"", ""/products/{id}"", ""/wishlist"", ""/catalog/women""]","[0.0, 159.0, 265.0, 385.0, 486.0, 660.0]","[""/wishlist"", ""/catalog/women"", ""/products/{id}"", ""/search"", ""/""]",0,False,0.4258346827275997,False,False,False
8175896ee126_2,8175896ee126,510.0,7,5,0.0,26964.85714285714,"[""/"", ""/catalog/women"", ""/products/{id}"", ""/products/{id}"", ""/catalog/men"", ""/products/{id}"", ""/cart""]","[0.0, 10.0, 166.0, 279.0, 379.0, 474.0, 510.0]","[""/catalog/men"", ""/catalog/women"", ""/products/{id}"", ""/cart"", ""/""]",0,False,0.3773843704469146,False,False,False
8a1771b4f150_3,8a1771b4f150,669.0,6,6,0.0,31876.5,"[""/"", ""/search"", ""/products/{id}"", ""/cart"", ""/checkout"", ""/order/confirm""]","[0.0, 161.0, 307.0, 437.0, 593.0, 669.0]","[""/checkout"", ""/products/{id}"", ""/cart"", ""/order/confirm"", ""/search"", ""/""]",0,False,0.3992803849870362,False,False,False
b1f1f15baa0a_3,b1f1f15baa0a,159.0,2,2,0.5,18342.5,"[""/"", ""/catalog/men""]","[0.0, 159.0]","[""/"", ""/catalog/men""]",3,True,0.7083716050666639,True,True,True
fb5a5614d9ae_3,fb5a5614d9ae,144.0,2,2,0.0,22263.0,"[""/"", ""/catalog/men""]","[0.0, 144.0]","[""/"", ""/catalog/men""]",3,False,0.45812455143955877,False,False,False
bacd51451cbc_1,bacd51451cbc,159.0,2,2,0.0,25051.5,"[""/"", ""/catalog/men""]","[0.0, 159.0]","[""/"", ""/catalog/men""]",3,False,0.4857350224998423,False,False,False
1cb569020a16_3,1cb569020a16,362.0,6,5,0.0,26991.666666666668,"[""/"", ""/search"", ""/products/{id}"", ""/products/{id}"", ""/wishlist"", ""/catalog/women""]","[0.0, 74.0, 163.0, 233.0, 313.0, 362.0]","[""/wishlist"", ""/catalog/women"", ""/products/{id}"", ""/search"", ""/""]",0,False,0.3969555286296382,False,False,False
e3eafd1d7569_3,e3eafd1d7569,27.0,2,2,0.0,21483.0,"[""/"", ""/catalog/men""]","[0.0, 27.0]","[""/"", ""/catalog/men""]",3,False,0.4635871877615155,False,False,False
b50f2ccf06ad_1,b50f2ccf06ad,72.0,2,2,0.0,31100.5,"[""/"", ""/catalog/men""]","[0.0, 72.0]","[""/"", ""/catalog/men""]",3,False,0.43416544929111206,False,False,False
371e067c74c9_1,371e067c74c9,471.0,7,5,0.0,22534.0,"[""/"", ""/catalog/women"", ""/products/{id}"", ""/products/{id}"", ""/catalog/men"", ""/products/{id}"", ""/cart""]","[0.0, 33.0, 127.0, 178.0, 265.0, 341.0, 471.0]","[""/catalog/men"", ""/catalog/women"", ""/products/{id}"", ""/cart"", ""/""]",0,False,0.3742084206632403,False,False,False
0dfd4c4b5cc2_2,0dfd4c4b5cc2,387.0,5,5,0.0,16334.2,"[""/"", ""/account"", ""/wishlist"", ""/products/{id}"", ""/cart""]","[0.0, 22.0, 183.0, 277.0, 387.0]","[""/wishlist"", ""/products/{id}"", ""/account"", ""/cart"", ""/""]",0,False,0.4191950800293914,False,False,False
